	{
    "ambient.cave.cave": {
        "category": "ambient",
        "replace": true,
        "sounds": []
    },
    "torchactivate": {
        "sounds": [
            "torchactivate"
        ]
    },
    "ambient.weather.rain": {
        "category": "weather",
        "replace": true,
        "sounds": []
    },
    "activatebow": {
        "category": "weather",
        "sounds": [
            "activatebow"
        ]
    },
    "activateshield": {
        "category": "weather",
        "sounds": [
            "activateshield"
        ]
    },
    "activatesword": {
        "category": "weather",
        "sounds": [
            "activatesword"
        ]
    },
    "sworddeactivate": {
        "category": "weather",
        "sounds": [
            "sworddeactivate"
        ]
    },
    "bowdraw": {
        "category": "weather",
        "sounds": [
            "activatesword"
        ]
    },
    "toolaxehit": {
        "category": "weather",
        "sounds": [
            "toolaxehit1",
            "toolaxehit2"
        ]
    },
    "buffalohorn": {
        "category": "ambient",
        "sounds": [
            {
                "name": "buffalohorn",
                "stream": true
            }
        ]
    },
    "brucecombatgeneral": {
        "category": "record",
        "sounds": [
            {
                "name": "brucecombatgeneral1",
                "stream": true
            },
			{
                "name": "brucecombatgeneral2",
                "stream": true
            },
			{
                "name": "brucecombatgeneral3",
                "stream": true
            },
			{
                "name": "brucecombatgeneral4",
                "stream": true
            },
			{
                "name": "brucecombatgeneral5",
                "stream": true
            },
			{
                "name": "brucecombatgeneral6",
                "stream": true
            },
			{
                "name": "brucecombatgeneral7",
                "stream": true
            }
        ]
    },
    "brucecombatindoors": {
        "category": "record",
        "sounds": [
            {
                "name": "brucecombatindoors1",
                "stream": true
            },
			{
                "name": "brucecombatindoors2",
                "stream": true
            },
			{
                "name": "brucecombatindoors3",
                "stream": true
            },
			{
                "name": "brucecombatindoors4",
                "stream": true
            }
        ]
    },
    "brucecombatoutdoors": {
        "category": "record",
        "sounds": [
            {
                "name": "brucecombatoutdoors1",
                "stream": true
            },
			{
                "name": "brucecombatoutdoors2",
                "stream": true
            },
			{
                "name": "brucecombatoutdoors3",
                "stream": true
            },
			{
                "name": "brucecombatoutdoors3",
                "stream": true
            },
			{
                "name": "brucecombatoutdoors4",
                "stream": true
            },
			{
                "name": "brucecombatoutdoors5",
                "stream": true
            }
        ]
    },
    "brucecreeperexplosionnearby": {
        "category": "record",
        "sounds": [
            {
                "name": "brucecreeperexplosionnearby1",
                "stream": true
            },
			{
                "name": "brucecreeperexplosionnearby2",
                "stream": true
            },
			{
                "name": "brucecreeperexplosionnearby3",
                "stream": true
            }
        ]
    },
    "brucedeath": {
        "category": "ambient",
        "sounds": [
            {
                "name": "brucedeath",
                "stream": true
            }
        ]
    },
    "brucediggingzombiewarning": {
        "category": "ambient",
        "sounds": [
            {
                "name": "brucediggingzombiewarning",
                "stream": true
            }
        ]
    },
    "brucegolemwarning": {
     "sounds": [
      {
        "name": "brucegolemwarning1",
        "stream": true
      },
      {
        "name": "brucegolemwarning2",
        "stream": true
      },
      {
        "name": "brucegolemwarning3",
        "stream": true
      },
      {
        "name": "brucegolemwarning4",
        "stream": true
      }
     ]
    },
    "brucelowonarmor": {
        "category": "ambient",
        "sounds": [
            {
                "name": "brucelowonarmor1",
                "stream": true
            },
            {
                "name": "brucelowonarmor2",
                "stream": true
            },
            {
                "name": "brucelowonarmor3",
                "stream": true
            }
        ]
    },
    "bruceblazewarning": {
        "category": "ambient",
        "sounds": [
            {
                "name": "bruceblazewarning1",
                "stream": true
            },
            {
                "name": "bruceblazewarning2",
                "stream": true
            },
            {
                "name": "bruceblazewarning3",
                "stream": true
            }
        ]
    },
    "bruceintro": {
        "category": "ambient",
        "sounds": [
            {
                "name": "bruceintro",
                "stream": true
            }
        ]
    },
    "brucelowonmana": {
        "category": "record",
        "sounds": [
            {
                "name": "brucelowonmana1",
                "stream": true
            },
			{
                "name": "brucelowonmana3",
                "stream": true
            },
			{
                "name": "brucelowonmana3",
                "stream": true
            }
        ]
    },
    "bruceproc": {
        "category": "record",
        "sounds": [
            {
                "name": "bruceproc1",
                "stream": true
            },
			{
                "name": "bruceproc2",
                "stream": true
            },
			{
                "name": "bruceproc3",
                "stream": true
            }
        ]
    },
    "bruceratswarning": {
        "category": "ambient",
        "sounds": [
            {
                "name": "bruceratswarning1",
                "stream": true
            },
            {
                "name": "bruceratswarning2",
                "stream": true
            },
            {
                "name": "bruceratswarning3",
                "stream": true
            }
        ]
    },
    "bruceshrinedestroyed": {
        "category": "ambient",
        "sounds": [
            {
                "name": "bruceshrinedestroyed1",
                "stream": true
            },
			{
                "name": "bruceshrinedestroyed2",
                "stream": true
            },
			{
                "name": "bruceshrinedestroyed3",
                "stream": true
            }
        ]
    },
    "brucespiderlingswarning": {
        "category": "ambient",
        "sounds": [
            {
                "name": "brucespiderlingswarning1",
                "stream": true
            },
            {
                "name": "brucespiderlingswarning2",
                "stream": true
            }
        ]
    },
    "brucevenomburnerswarning": {
        "category": "ambient",
        "sounds": [
            {
                "name": "brucevenomburnerswarning1",
                "stream": true
            },
            {
                "name": "brucevenomburnerswarning2",
                "stream": true
            },
            {
                "name": "brucevenomburnerswarning3",
                "stream": true
            },
            {
                "name": "brucevenomburnerswarning4",
                "stream": true
            },
            {
                "name": "brucevenomburnerswarning5",
                "stream": true
            }
        ]
    },
    "brucewolveswarning": {
        "category": "ambient",
        "sounds": [
            {
                "name": "brucewolveswarning1",
                "stream": true
            },
            {
                "name": "brucewolveswarning2",
                "stream": true
            },
            {
                "name": "brucewolveswarning3",
                "stream": true
            },
            {
                "name": "brucewolveswarning4",
                "stream": true
            }
          ]
    },
    "daragorattack": {
        "category": "ambient",
        "sounds": [
            "daragorattack1",
            "daragorattack2",
            "daragorattack3",
            "daragorattack4"
        ]
    },
    "daragordeath": {
        "category": "ambient",
        "sounds": [
            "daragordeath"
        ]
    },
    "daragorspawn": {
        "category": "ambient",
        "sounds": [
            "daragorspawn"
        ]
    },
    "daragortaunt": {
        "category": "ambient",
        "sounds": [
            "daragortaunt1",
            "daragortaunt2",
            "daragortaunt3",
            "daragortaunt4",
            "daragortaunt5",
            "daragortaunt6"
        ]
    },
    "daragorworldcracker": {
        "category": "ambient",
        "sounds": [
            "daragorworldcracker1",
            "daragorworldcracker2"
        ]
    },
    "dig.gravel": {
      "category": "weather",
      "replace": true,
      "sounds": [
        "dig/gravel1",
        "dig/gravel2",
        "dig/gravel3",
        "dig/gravel4"
      ]
    },
    "daragorfirebreath": {
        "category": "ambient",
        "sounds": [
            "daragorfirebreath1",
            "daragorfirebreath2",
            "daragorfirebreath3"
        ]
    },
    "introsong": {
        "category": "neutral",
        "sounds": [
            {
                "name": "introsong",
                "stream": true
            }
        ]
    },
    "fireworks.blast": {
      "category": "weather",
      "replace": true,
      "sounds": [
        "fireworks/blast1"
      ]
    },
    "fireworks.blast_far": {
      "category": "weather",
      "replace": true,
      "sounds": [
        "fireworks/blast_far1"
      ]
    },
    "fireworks.largeBlast": {
      "category": "weather",
      "replace": true,
      "sounds": [
        "fireworks/largeBlast1"
      ]
    },
    "fireworks.largeBlast_far": {
      "category": "weather",
      "replace": true,
      "sounds": [
        "fireworks/largeBlast_far1"
      ]
    },
    "fireworks.twinkle": {
      "category": "weather",
      "replace": true,
      "sounds": [
        "fireworks/twinkle1"
      ]
    },
    "fireworks.twinkle_far": {
      "category": "weather",
      "replace": true,
      "sounds": [
        "fireworks/twinkle_far1"
      ]
    },
    "portal.portal": {
        "category": "ambient",
        "replace": true,
        "sounds": []
    },
    "lobbymusic": {
      "category": "neutral",
      "sounds": [
        {
          "name": "lobbymusic",
          "stream": true
        }
      ]
    },
    "nisovinboltaction": {
        "category": "record",
        "sounds": [
            {
                "name": "nisovinboltaction1",
                "stream": true
            },
            {
                "name": "nisovinboltaction2",
                "stream": true
            },
            {
                "name": "nisovinboltaction3",
                "stream": true
            },
            {
                "name": "nisovinboltaction4",
                "stream": true
            },
            {
                "name": "nisovinboltaction5",
                "stream": true
            },
            {
                "name": "nisovinboltaction6",
                "stream": true
            },
            {
                "name": "nisovinboltaction7",
                "stream": true
            },
            {
                "name": "nisovinboltaction8",
                "stream": true
            },
            {
                "name": "nisovinboltaction9",
                "stream": true
            },
            {
                "name": "nisovinboltaction10",
                "stream": true
            },
            {
                "name": "nisovinboltaction11",
                "stream": true
            }
        ]
    },
    "nisovinboltfire": {
        "category": "weather",
        "sounds": [
            {
                "name": "nisovinboltfire1",
                "stream": true
            },
            {
                "name": "nisovinboltfire2",
                "stream": true
            },
            {
                "name": "nisovinboltfire3",
                "stream": true
            }
        ]
    },
    "nisovindeath": {
        "category": "ambient",
        "sounds": [
            {
                "name": "nisovindeath",
                "stream": true
            }
        ]
    },
    "nisovinlaugh": {
        "category": "record",
        "sounds": [
            {
                "name": "nisovinlaugh1",
                "stream": true
            },
            {
                "name": "nisovinlaugh2",
                "stream": true
            },
            {
                "name": "nisovinlaugh3",
                "stream": true
            },
            {
                "name": "nisovinlaugh4",
                "stream": true
            }
     
        ]
    },
    "nisovinlowonmana": {
        "category": "ambient",
        "sounds": [
            {
                "name": "nisovinlowonmana1",
                "stream": true
            },
            {
                "name": "nisovinlowonmana2",
                "stream": true
            },
			{
                "name": "nisovinlowonmana3",
                "stream": true
            }
        ]
    },
    "nisovinexplode": {
        "category": "ambient",
        "sounds": [
            {
                "name": "nisovinexplode1",
                "stream": true
            },
            {
                "name": "nisovinexplode2",
                "stream": true
            }
        ]
    },
    "nisovinrocketboots": {
        "category": "record",
        "sounds": [
            {
                "name": "nisovinrocketboots1",
                "stream": true
            },
            {
                "name": "nisovinrocketboots2",
                "stream": true
            },
            {
                "name": "nisovinrocketboots3",
                "stream": true
            }
        ]
    },
    "nisovinwigglyshield": {
        "category": "ambient",
        "sounds": [
            {
                "name": "nisovinwigglyshield1",
                "stream": true
            },
            {
                "name": "nisovinwigglyshield2",
                "stream": true
            },
            {
                "name": "nisovinwigglyshield3",
                "stream": true
            },
            {
                "name": "nisovinwigglyshield4",
                "stream": true
            },
            {
                "name": "nisovinwigglyshield5",
                "stream": true
            },
            {
                "name": "nisovinwigglyshield6",
                "stream": true
            }
        ]
    },
    "nisovinwandexplosion": {
        "category": "record",
        "sounds": [
            {
                "name": "nisovinwandexplosion",
                "stream": true
            }
        ]
    },
    "nisovinwandknockback": {
        "category": "record",
        "sounds": [
            {
                "name": "nisovinwandknockback",
                "stream": true
            }
        ]
    },
    "nisovinwandslow": {
        "category": "record",
        "sounds": [
            {
                "name": "nisovinwandslow",
                "stream": true
            }
        ]
    },
    "nisovinwandtinderflame": {
        "category": "record",
        "sounds": [
            {
                "name": "nisovinwandtinderflame",
                "stream": true
            }
        ]
    },
    "nisovinwandwormhole": {
        "category": "record",
        "sounds": [
            {
                "name": "nisovinwandwormhole",
                "stream": true
            }
        ]
    },
    "mob.enderdragon.end": {
      "category": "ambient",
      "replace": true,
      "sounds": [
        "mob/enderdragon/end"
      ]
    },
	 "ratsteal": {
      "category": "hostile",
      "sounds": [
        "ratsteal"
      ]
    },
    "mob.irongolem.death": {
      "category": "hostile",
      "replace": true,
      "sounds": [
        "mob/irongolem/death"
      ]
    },
    "mob.irongolem.hit": {
      "category": "hostile",
      "replace": true,
      "sounds": [
        "mob/irongolem/hit1",
        "mob/irongolem/hit2",
        "mob/irongolem/hit3",
        "mob/irongolem/hit4"
      ]
    },
    "mob.irongolem.throw": {
      "category": "hostile",
      "replace": true,
      "sounds": [
        "mob/irongolem/throw"
      ]
    },
    "mob.magmacube.big": {
      "category": "weather",
      "replace": true,
      "sounds": [
        "mob/magmacube/big1",
        "mob/magmacube/big2",
        "mob/magmacube/big3",
        "mob/magmacube/big4"
      ]
    },
    "mob.slime.big": {
      "category": "weather",
      "replace": true,
      "sounds": [
        "mob/slime/big1",
        "mob/slime/big2",
        "mob/slime/big3",
        "mob/slime/big4"
      ]
    },
    "mob.irongolem.walk": {
      "category": "hostile",
      "replace": true,
      "sounds": [
        "mob/irongolem/walk1",
        "mob/irongolem/walk2",
        "mob/irongolem/walk3",
        "mob/irongolem/walk4"
      ]
    },
    "mob.wither.hurt": {
      "category": "weather",
      "replace": true,
      "sounds": [
        "mob/wither/hurt1",
        "mob/wither/hurt2",
        "mob/wither/hurt3",
        "mob/wither/hurt4"
      ]
    },
    "mob.wolf.bark": {
      "category": "hostile",
      "replace": true,
      "sounds": [
        "mob/wolf/bark1",
        "mob/wolf/bark2",
        "mob/wolf/bark3"
      ]
    },
    "mob.wolf.death": {
      "category": "hostile",
      "replace": true,
      "sounds": [
        "mob/wolf/death"
      ]
    },
    "mob.wolf.growl": {
      "category": "hostile",
      "replace": true,
      "sounds": [
        "mob/wolf/growl1",
        "mob/wolf/growl2",
        "mob/wolf/growl3"
      ]
    },
    "mob.wolf.howl": {
      "category": "hostile",
      "replace": true,
      "sounds": [
        "mob/wolf/howl1",
        "mob/wolf/howl2"
      ]
    },
    "mob.wolf.hurt": {
      "category": "hostile",
      "replace": true,
      "sounds": [
        "mob/wolf/hurt1",
        "mob/wolf/hurt2",
        "mob/wolf/hurt3"
      ]
    },
    "mob.wolf.panting": {
      "category": "hostile",
      "replace": true,
      "sounds": [
        "mob/wolf/panting"
      ]
    },
    "mob.wolf.shake": {
      "category": "hostile",
      "replace": true,
      "sounds": [
        "mob/wolf/shake"
      ]
    },
    "mob.wolf.step": {
      "category": "hostile",
      "replace": true,
      "sounds": [
        "mob/wolf/step1",
        "mob/wolf/step2",
        "mob/wolf/step3",
        "mob/wolf/step4",
        "mob/wolf/step5"
      ]
    },
    "mob.wolf.whine": {
      "category": "hostile",
      "replace": true,
      "sounds": [
        "mob/wolf/whine"
      ]
    },
    "music.game": {
        "category": "neutral",
        "replace": true,
        "sounds": []
    },
    "music.game.creative": {
        "category": "neutral",
        "replace": true,
        "sounds": []
    },
    "music.game.end": {
        "category": "neutral",
        "replace": true,
        "sounds": []
    },
    "music.game.end.credits": {
        "category": "neutral",
        "replace": true,
        "sounds": []
    },
    "music.game.end.dragon": {
        "category": "neutral",
        "replace": true,
        "sounds": []
    },
    "music.game.nether": {
        "category": "neutral",
        "replace": true,
        "sounds": []
    },
    "random.anvil_break": {
      "category": "weather",
      "replace": true,
      "sounds": [
        "random/anvil_break"
      ]
    },
    "random.anvil_land": {
      "category": "weather",
      "replace": true,
      "sounds": [
        "random/anvil_land"
      ]
    },
    "random.anvil_use": {
      "category": "weather",
      "replace": true,
      "sounds": [
        "random/anvil_use"
      ]
    },
    "random.bow": {
      "category": "weather",
      "replace": true,
      "sounds": [
        "random/bow"
      ]
    },
    "random.bowhit": {
      "category": "weather",
      "replace": true,
      "sounds": [
        "random/bowhit1",
        "random/bowhit2",
        "random/bowhit3",
        "random/bowhit4"
      ]
    },
    "roaminDeath": {
        "category": "ambient",
        "sounds": [
            {
                "name": "roaminDeath",
                "stream": true
            }
        ]
    },
    "random.drink": {
      "category": "weather",
      "replace": true,
      "sounds": [
        "random/drink"
      ]
    },
    "random.levelup": {
      "category": "weather",
      "replace": true,
      "sounds": [
        "random/levelup"
      ]
    },
    "roaminflamethrower": {
        "category": "weather",
        "sounds": [
            {
                "name": "roaminflamethrower"
            }
        ]
    },
    "roaminheal": {
        "category": "ambient",
        "sounds": [
            {
                "name": "roaminheal",
                "stream": true
            }
        ]
    },
    "roaminholypurifier": {
        "category": "record",
        "sounds": [
            {
                "name": "roaminholypurifier1",
                "stream": true
            },
			{
                "name": "roaminholypurifier2",
                "stream": true
            },
			{
                "name": "roaminholypurifier3",
                "stream": true
            },
			{
                "name": "roaminholypurifier4",
                "stream": true
            },
			{
                "name": "roaminholypurifier5",
                "stream": true
            }
			
        ]
    },
    "roaminlowonarmor": {
        "category": "ambient",
        "sounds": [
            {
                "name": "roaminlowonarmor1",
                "stream": true
            },
            {
                "name": "roaminlowonarmor2",
                "stream": true
            },
            {
                "name": "roaminlowonarmor3",
                "stream": true
            }
        ]
    },
    "roaminlowonmana": {
        "category": "ambient",
        "sounds": [
            {
                "name": "roaminlowonmana1",
                "stream": true
            },
			{
                "name": "roaminlowonmana2",
                "stream": true
            },
			{
                "name": "roaminlowonmana3",
                "stream": true
            }
        ]
    },
    "roaminoutofammo": {
        "category": "ambient",
        "sounds": [
            {
                "name": "roaminoutofammo1",
                "stream": true
            },
			{
                "name": "roaminoutofammo2",
                "stream": true
            },
			{
                "name": "roaminoutofammo3",
                "stream": true
            }
        ]
    },
    "roaminrecharged": {
        "category": "ambient",
        "sounds": [
            {
                "name": "roaminrecharged1",
                "stream": true
            },
			{
                "name": "roaminrecharged2",
                "stream": true
            },
			{
                "name": "roaminrecharged3",
                "stream": true
            },
			{
                "name": "roaminrecharged4",
                "stream": true
            }
        ]
    },
    "lightbringer": {
        "category": "weather",
        "sounds": [
            {
                "name": "lightbringer",
                "stream": true
            }
        ]
    },
    "royattack": {
        "category": "ambient",
        "sounds": [
            {
                "name": "royattack1",
                "stream": true
            },
            {
                "name": "royattack2",
                "stream": true
            },
            {
                "name": "royattack3",
                "stream": true
            },
            {
                "name": "royattack4",
                "stream": true
            },
            {
                "name": "royattack5",
                "stream": true
            },
            {
                "name": "royattack6",
                "stream": true
            },
            {
                "name": "royattack7",
                "stream": true
            },
            {
                "name": "royattack8",
                "stream": true
            },
            {
                "name": "royattack9",
                "stream": true
            },
            {
                "name": "royattack10",
                "stream": true
            },
            {
                "name": "royattack11",
                "stream": true
            },
            {
                "name": "royattack12",
                "stream": true
            },
            {
                "name": "royattack13",
                "stream": true
            }
        ]
    },
    "roydeath": {
        "category": "ambient",
        "sounds": [
            {
                "name": "roydeath",
                "stream": true
            }
        ]
    },
    "royjump": {
        "category": "ambient",
        "sounds": [
            {
                "name": "royjump",
                "stream": true
            }
        ]
    },
    "roylowonmana": {
        "category": "ambient",
        "sounds": [
            {
                "name": "roylowonmana",
                "stream": true
            }
        ]
    },
    "royspawn": {
        "category": "ambient",
        "sounds": [
            {
                "name": "royspawn",
                "stream": true
            }
        ]
    },
    "royreflect": {
        "category": "ambient",
        "sounds": [
            {
                "name": "royreflect",
                "stream": true
            }
        ]
    },
    "royswordactivate": {
        "category": "ambient",
        "sounds": [
            {
                "name": "royswordactivate",
                "stream": true
            }
        ]
    },
    "royhurt": {
        "category": "ambient",
        "sounds": [
            {
                "name": "royhurt1",
                "stream": true
            },
            {
                "name": "royhurt2",
                "stream": true
            },
            {
                "name": "royhurt3",
                "stream": true
            },
            {
                "name": "royhurt4",
                "stream": true
            },
            {
                "name": "royhurt5",
                "stream": true
            },
            {
                "name": "royhurt6",
                "stream": true
            },
            {
                "name": "royhurt7",
                "stream": true
            }
        ]
    },
    "royswing": {
        "category": "ambient",
        "sounds": [
            {
                "name": "royswing1",
                "stream": true
            },
            {
                "name": "royswing2",
                "stream": true
            },
            {
                "name": "royswing3",
                "stream": true
            },
            {
                "name": "royswing4",
                "stream": true
            },
            {
                "name": "royswing5",
                "stream": true
            },
            {
                "name": "royswing6",
                "stream": true
            }
        ]
    },
	"tomloughyoutubeshow": {
		"category": "ambient",
		"sounds": [
			{
				"name": "tomloughyoutubeshow",
				"stream": true
			}
		]
	},
	"solareclipseevent": {
		"category": "hostile",
		"sounds": [
			{
				"name": "solareclipseevent",
				"stream": true
			}
		]
	},
	"mob.endermen.stare": {
		"category": "hostile",
		"sounds": [
			{
				"name": "mob/endermen/stare",
				"stream": true
			}
		]
	},
	"lancelongswordreach": {
		"category": "ambient",
		"sounds": [
			"lancelongswordreach"
		]
	},
	"lanceresolute": {
		"category": "ambient",
		"sounds": [
			"lanceresolute"
		]
	},
	"starlightlongbowbolt1": {
		"category": "ambient",
		"sounds": [
			"starlightlongbowbolt1"
		]
	},
	"starlightlongbowbolt2": {
		"category": "ambient",
		"sounds": [
			"starlightlongbowbolt2"
		]
	},
	"starlightlongbowbolt3": {
		"category": "ambient",
		"sounds": [
			"starlightlongbowbolt3"
		]
	},
    "shrineburst": {
        "category": "ambient",
        "sounds": [
            {
                "name": "shrineburst",
                "stream": true
            }
        ]
    }
}