{
    "variants": {
        "snowy=false": [
            { "model": "grass_normal", "weight": 32 },
            { "model": "grass_normal", "y": 90 },
            { "model": "grass_normal", "y": 180 },
            { "model": "grass_normal", "y": 270 },
			{ "model": "grass_normal1", "weight": 32 },
			{ "model": "grass_normal1", "y": 90 },
            { "model": "grass_normal1", "y": 180 },
            { "model": "grass_normal1", "y": 270 },
			{ "model": "grass_normal2", "weight": 32 },
			{ "model": "grass_normal2", "y": 90 },
            { "model": "grass_normal2", "y": 180 },
            { "model": "grass_normal2", "y": 270 },
			{ "model": "grass_normal3", "weight": 4 },
			{ "model": "grass_normal3", "y": 90 },
            { "model": "grass_normal3", "y": 180 },
            { "model": "grass_normal3", "y": 270 }
        ],
        "snowy=true":  { "model": "grass_snowed" }
    }
}
