{
    "variants": {
        "facing=north": [
			{ "model": "ladder", "weight": 75 },
			{ "model": "ladder1", "weight": 18 },
			{ "model": "ladder2", "weight": 7 }
		],
		"facing=east": [
			{ "model": "ladder", "y": 90, "weight": 75 },
			{ "model": "ladder1", "y": 90, "weight": 18 },
			{ "model": "ladder2", "y": 90, "weight": 7 }
		],
		"facing=south": [
			{ "model": "ladder", "y": 180, "weight": 75 },
			{ "model": "ladder1", "y": 180, "weight": 18 },
			{ "model": "ladder2", "y": 180, "weight": 7 }
		],
		"facing=west": [
			{ "model": "ladder", "y": 270, "weight": 75 },
			{ "model": "ladder1", "y": 270, "weight": 18 },
			{ "model": "ladder2", "y": 270, "weight": 7 }
		]
    }
}
