{
    "variants": {
        "facing=north": [
			{ "model": "sword_rack/ladder", "weight": 70 },
			{ "model": "sword_rack/ladder1", "weight": 10 },
			{ "model": "sword_rack/ladder2", "weight": 10 },
			{ "model": "sword_rack/ladder3", "weight": 10}
		],
		"facing=east": [
			{ "model": "sword_rack/ladder", "y": 90, "weight": 70 },
			{ "model": "sword_rack/ladder1", "y": 90, "weight": 10 },
			{ "model": "sword_rack/ladder2", "y": 90, "weight": 10},
			{ "model": "sword_rack/ladder3", "y": 90, "weight": 10}
		],
		"facing=south": [
			{ "model": "sword_rack/ladder", "y": 180, "weight": 10 },
			{ "model": "sword_rack/ladder1", "y": 180, "weight": 10 },
			{ "model": "sword_rack/ladder2", "y": 180, "weight": 10 },
			{ "model": "sword_rack/ladder3", "y": 180, "weight": 10}
		],
		"facing=west": [
			{ "model": "sword_rack/ladder", "y": 270, "weight": 10},
			{ "model": "sword_rack/ladder1", "y": 270, "weight": 10 },
			{ "model": "sword_rack/ladder2", "y": 270, "weight": 10},
			{ "model": "sword_rack/ladder3", "y": 270, "weight": 10}
		]
    }
}
