{
    "__createdwith": "opl's Model Creator",
    "ambientocclusion": false,
    "textures": {
        "edge": "blocks/door_birch-edge",
        "back": "blocks/door_birch_lower-rh",
        "particle": "blocks/nothing",
        "front": "blocks/door_birch_lower"
    },
    "elements": [
        {
            "from": [0,0,13],
            "to": [3,16,16],
            "faces": {
                "down": {
                    "uv": [13,0,16,3],
                    "texture": "#edge",
                    "rotation": 90
                },
                "west": {
                    "texture": "#front",
                    "cullface": west
                },
                "east": {
                    "uv": [0,0,3,16],
                    "texture": "#back"
                },
                "north": {
                    "uv": [6,0,3,16],
                    "texture": "#edge"
                },
                "south": {
                    "uv": [5,0,7,16],
                    "texture": "#edge"
                }
            }
        },
        {
            "from": [0,0,3],
            "to": [3,12,13],
            "faces": {
                "up": {
                    "uv": [2.5,3.5,13.5,6.5],
                    "texture": "#edge",
                    "rotation": 90
                },
                "down": {
                    "uv": [2.5,0,13.5,3],
                    "texture": "#edge",
                    "cullface": down,
                    "rotation": 90
                },
                "west": {
                    "texture": "#front",
                    "cullface": west
                },
                "east": {
                    "texture": "#back"
                }
            }
        },
        {
            "from": [1.5,12,3],
            "to": [1.5,16,13],
            "faces": {
                "down": {
                    "texture": "#front"
                },
                "west": {
                    "texture": "#front",
                    "cullface": west
                },
                "east": {
                    "texture": "#back"
                }
            }
        },
        {
            "from": [0,0,0],
            "to": [3,16,3],
            "faces": {
                "down": {
                    "texture": "#edge",
                    "rotation": 90
                },
                "west": {
                    "texture": "#front"
                },
                "east": {
                    "uv": [13,0,16,16],
                    "texture": "#back"
                },
                "north": {
                    "texture": "#edge"
                },
                "south": {
                    "texture": "#edge"
                }
            }
        }
    ]
}