{
    "__createdwith": "opl's Model Creator",
    "ambientocclusion": false,
    "textures": {
        "particle": "blocks/door_acacia_lower",
        "edge": "blocks/door_acacia_lower",
        "back": "blocks/door_acacia_lower",
        "front": "blocks/door_acacia_lower-rh"
    },
    "elements": [
        {
            "from": [1,3,3.5],
            "to": [2,15,4.5],
            "faces": {
                "up": {
                    "uv": [13.0,5.0,16.0,7.0],
                    "texture": "#front",
                    "cullface": up
                },
                "west": {
                    "texture": "#front",
                    "cullface": west
                },
                "east": {
                    "uv": [12.5,1.0,11.5,13.0],
                    "texture": "#back"
                },
                "north": {
                    "uv": [6.5,1.0,5.5,13.0],
                    "texture": "#edge"
                },
                "south": {
                    "uv": [5.5,1.0,6.5,13.0],
                    "texture": "#edge"
                }
            }
        },
        {
            "from": [1,3,5.5],
            "to": [2,15,6.5],
            "faces": {
                "up": {
                    "uv": [13.0,9.0,16.0,11.0],
                    "texture": "#front",
                    "cullface": up
                },
                "west": {
                    "texture": "#front",
                    "cullface": west
                },
                "east": {
                    "uv": [10.5,1.0,9.5,13.0],
                    "texture": "#back"
                },
                "north": {
                    "uv": [10.5,1.0,9.5,13.0],
                    "texture": "#edge"
                },
                "south": {
                    "uv": [9.5,1.0,10.5,13.0],
                    "texture": "#edge"
                }
            }
        },
        {
            "from": [0,0,13],
            "to": [3,16,16],
            "faces": {
                "down": {
                    "uv": [1.0,13.0,3.0,16.0],
                    "texture": "#edge",
                    "rotation": 90
                },
                "west": {
                    "texture": "#front",
                    "cullface": west
                },
                "east": {
                    "uv": [0.0,0.0,3.0,16.0],
                    "texture": "#back"
                },
                "north": {
                    "uv": [3.0,0.0,0.0,16.0],
                    "texture": "#edge"
                },
                "south": {
                    "uv": [1.0,0.0,2.0,16.0],
                    "texture": "#edge"
                }
            }
        },
        {
            "from": [0,0,3],
            "to": [3,3,13],
            "faces": {
                "up": {
                    "uv": [3.0,13.0,13.0,16.0],
                    "texture": "#edge",
                    "rotation": 90
                },
                "down": {
                    "uv": [3.0,13.0,13.0,16.0],
                    "texture": "#edge",
                    "cullface": down,
                    "rotation": 90
                },
                "west": {
                    "texture": "#front",
                    "cullface": west
                },
                "east": {
                    "texture": "#back"
                }
            }
        },
        {
            "from": [0.5,15,3],
            "to": [2.5,16,13],
            "faces": {
                "down": {
                    "uv": [3.0,0.0,13.0,1.0],
                    "texture": "#edge",
                    "rotation": 90
                },
                "west": {
                    "texture": "#front",
                    "cullface": west
                },
                "east": {
                    "texture": "#back"
                }
            }
        },
        {
            "from": [0,0,0],
            "to": [3,16,3],
            "faces": {
                "down": {
                    "uv": [1.0,13.0,3.0,16.0],
                    "texture": "#edge",
                    "rotation": 270
                },
                "west": {
                    "texture": "#front"
                },
                "east": {
                    "uv": [13.0,0.0,16.0,16.0],
                    "texture": "#back"
                },
                "north": {
                    "uv": [1.0,0.0,2.0,16.0],
                    "texture": "#edge"
                },
                "south": {
                    "uv": [13.0,0.0,16.0,16.0],
                    "texture": "#edge"
                }
            }
        },
        {
            "from": [1,3,7.5],
            "to": [2,15,8.5],
            "faces": {
                "up": {
                    "uv": [13.0,9.0,16.0,11.0],
                    "texture": "#front",
                    "cullface": up
                },
                "west": {
                    "texture": "#front",
                    "cullface": west
                },
                "east": {
                    "uv": [8.5,1.0,7.5,13.0],
                    "texture": "#back"
                },
                "north": {
                    "uv": [10.5,1.0,9.5,13.0],
                    "texture": "#edge"
                },
                "south": {
                    "uv": [9.5,1.0,10.5,13.0],
                    "texture": "#edge"
                }
            }
        },
        {
            "from": [1,3,9.5],
            "to": [2,15,10.5],
            "faces": {
                "up": {
                    "uv": [13.0,9.0,16.0,11.0],
                    "texture": "#front",
                    "cullface": up
                },
                "west": {
                    "texture": "#front",
                    "cullface": west
                },
                "east": {
                    "uv": [6.5,1.0,5.5,13.0],
                    "texture": "#back"
                },
                "north": {
                    "uv": [10.5,1.0,9.5,13.0],
                    "texture": "#edge"
                },
                "south": {
                    "uv": [9.5,1.0,10.5,13.0],
                    "texture": "#edge"
                }
            }
        },
        {
            "from": [1,3,11.5],
            "to": [2,15,12.5],
            "faces": {
                "up": {
                    "uv": [13.0,9.0,16.0,11.0],
                    "texture": "#front",
                    "cullface": up
                },
                "west": {
                    "texture": "#front",
                    "cullface": west
                },
                "east": {
                    "uv": [4.5,1.0,3.5,13.0],
                    "texture": "#back"
                },
                "north": {
                    "uv": [10.5,1.0,9.5,13.0],
                    "texture": "#edge"
                },
                "south": {
                    "uv": [9.5,1.0,10.5,13.0],
                    "texture": "#edge"
                }
            }
        }
    ]
}