{
    "__createdwith": "opl's Model Creator",
    "ambientocclusion": false,
    "textures": {
        "particle": "blocks/door_jungle_lower",
        "edge": "blocks/door_jungle-edge",
        "back": "blocks/door_jungle_lower",
        "front": "blocks/door_jungle_lower-rh"
    },
    "elements": [
        {
            "from": [0,0,9.5],
            "to": [3,16,16],
            "faces": {
                "down": {
                    "uv": [16.0,0.0,9.5,3.0],
                    "texture": "#edge",
                    "rotation": 90
                },
                "west": {
                    "texture": "#front",
                    "cullface": west
                },
                "east": {
                    "uv": [0,0,6.5,16],
                    "texture": "#back"
                },
                "north": {
                    "uv": [7.3125,0.0,4.3125,16.0],
                    "texture": "#edge"
                },
                "south": {
                    "texture": "#edge"
                }
            }
        },
        {
            "from": [0,14.5,6.5],
            "to": [3,16,9.5],
            "faces": {
                "down": {
                    "uv": [11.25,3.75,8.25,6.25],
                    "texture": "#edge",
                    "rotation": 90
                },
                "west": {
                    "texture": "#front",
                    "cullface": west
                },
                "east": {
                    "texture": "#back"
                }
            }
        },
        {
            "from": [0,0,6.5],
            "to": [3,2.5,9.5],
            "faces": {
                "up": {
                    "uv": [4.3125,3.4375,7.3125,6.4375],
                    "texture": "#edge",
                    "rotation": 90
                },
                "down": {
                    "uv": [9.5,0.0,6.5,3.0],
                    "texture": "#edge",
                    "rotation": 90
                },
                "west": {
                    "texture": "#front"
                },
                "east": {
                    "texture": "#back"
                }
            }
        },
        {
            "from": [0,0,0],
            "to": [3,16,6.5],
            "faces": {
                "down": {
                    "uv": [6.5,0.0,0.0,3.0],
                    "texture": "#edge",
                    "rotation": 90
                },
                "west": {
                    "texture": "#front"
                },
                "east": {
                    "uv": [9.5,0,16,16],
                    "texture": "#back"
                },
                "north": {
                    "uv": [0.0,0.0,3.5,16.0],
                    "texture": "#edge"
                },
                "south": {
                    "texture": "#edge"
                }
            }
        },
        {
            "from": [0,2.5,9],
            "to": [3,3,9.5],
            "faces": {
                "up": {
                    "uv": [2.5625,1.4375,3.0625,4.4375],
                    "texture": "#edge",
                    "rotation": 90
                },
                "down": {
                    "uv": [9.5,0.0,6.5,3.0],
                    "texture": "#edge",
                    "rotation": 90
                },
                "west": {
                    "uv": [9.0,13.25,9.5,13.5],
                    "texture": "#front"
                },
                "east": {
                    "uv": [6.5,13.25,7,13.5],
                    "texture": "#back"
                },
                "north": {
                    "uv": [2.375,10.75,5.375,11.25],
                    "texture": "#edge"
                }
            }
        },
        {
            "from": [0,3,9.25],
            "to": [3,3.25,9.5],
            "faces": {
                "up": {
                    "uv": [2.5625,1.4375,3.0625,4.4375],
                    "texture": "#edge",
                    "rotation": 90
                },
                "down": {
                    "uv": [9.5,0.0,6.5,3.0],
                    "texture": "#edge",
                    "rotation": 90
                },
                "west": {
                    "texture": "#front"
                },
                "east": {
                    "uv": [6.5,12.75,6.75,13],
                    "texture": "#back"
                },
                "north": {
                    "uv": [2.375,10.75,5.375,11.25],
                    "texture": "#edge"
                }
            }
        },
        {
            "from": [0,2.5,6.5],
            "to": [3,3,7],
            "faces": {
                "up": {
                    "uv": [2.5625,1.4375,3.0625,4.4375],
                    "texture": "#edge",
                    "rotation": 90
                },
                "down": {
                    "uv": [9.5,0.0,6.5,3.0],
                    "texture": "#edge",
                    "rotation": 90
                },
                "west": {
                    "uv": [6.75,13.0,7.0,13.25],
                    "texture": "#front"
                },
                "east": {
                    "uv": [9,13,9.5,13.5],
                    "texture": "#back"
                },
                "north": {
                    "uv": [2.375,10.75,5.375,11.25],
                    "texture": "#edge"
                },
                "south": {
                    "uv": [2.625,10.75,5.625,11.25],
                    "texture": "#edge"
                }
            }
        },
        {
            "from": [0,3,6.5],
            "to": [3,3.25,6.75],
            "faces": {
                "up": {
                    "uv": [2.5625,1.4375,3.0625,4.4375],
                    "texture": "#edge",
                    "rotation": 90
                },
                "down": {
                    "uv": [9.5,0.0,6.5,3.0],
                    "texture": "#edge",
                    "rotation": 90
                },
                "west": {
                    "texture": "#front"
                },
                "east": {
                    "uv": [9.25,12.75,9.5,13],
                    "texture": "#back"
                },
                "north": {
                    "uv": [2.375,10.75,5.375,11.25],
                    "texture": "#edge"
                },
                "south": {
                    "uv": [2.5625,12.6875,5.5625,12.9375],
                    "texture": "#edge"
                }
            }
        },
        {
            "from": [0,14.25,6.5],
            "to": [3,14.5,7.25],
            "faces": {
                "up": {
                    "uv": [2.5625,1.4375,3.0625,4.4375],
                    "texture": "#edge",
                    "rotation": 90
                },
                "down": {
                    "uv": [5.5,1.25,5.0,4.5],
                    "texture": "#edge",
                    "rotation": 90
                },
                "west": {
                    "uv": [6.5625,1.3125,7.0625,1.5625],
                    "texture": "#front"
                },
                "east": {
                    "uv": [8.75,1.5,9.5,1.75],
                    "texture": "#back"
                },
                "north": {
                    "uv": [2.375,10.75,5.375,11.25],
                    "texture": "#edge"
                },
                "south": {
                    "uv": [1.75,2.25,4.75,2.5],
                    "texture": "#edge"
                }
            }
        },
        {
            "from": [0,14,6.5],
            "to": [3,14.25,7],
            "faces": {
                "up": {
                    "uv": [2.5625,1.4375,3.0625,4.4375],
                    "texture": "#edge",
                    "rotation": 90
                },
                "down": {
                    "uv": [5.5,1.25,5.0,4.5],
                    "texture": "#edge",
                    "rotation": 90
                },
                "west": {
                    "texture": "#front"
                },
                "east": {
                    "uv": [9,1.75,9.5,2],
                    "texture": "#back"
                },
                "north": {
                    "uv": [2.375,10.75,5.375,11.25],
                    "texture": "#edge"
                },
                "south": {
                    "uv": [1.75,2.25,4.75,2.5],
                    "texture": "#edge"
                }
            }
        },
        {
            "from": [0,13.75,6.5],
            "to": [3,14,6.75],
            "faces": {
                "up": {
                    "uv": [2.5625,1.4375,3.0625,4.4375],
                    "texture": "#edge",
                    "rotation": 90
                },
                "down": {
                    "uv": [5.5,1.25,5.0,4.5],
                    "texture": "#edge",
                    "rotation": 90
                },
                "west": {
                    "uv": [6.5,1.75,7.0,2.0],
                    "texture": "#front"
                },
                "east": {
                    "uv": [9.25,2,9.5,2.25],
                    "texture": "#back"
                },
                "north": {
                    "uv": [2.375,10.75,5.375,11.25],
                    "texture": "#edge"
                },
                "south": {
                    "uv": [1.75,2.25,4.75,2.5],
                    "texture": "#edge"
                }
            }
        },
        {
            "from": [0,14.25,8.75],
            "to": [3,14.5,9.5],
            "faces": {
                "up": {
                    "uv": [2.5625,1.4375,3.0625,4.4375],
                    "texture": "#edge",
                    "rotation": 90
                },
                "down": {
                    "uv": [5.5,1.25,5.0,4.5],
                    "texture": "#edge",
                    "rotation": 90
                },
                "west": {
                    "uv": [9.0,1.5,9.75,1.75],
                    "texture": "#front"
                },
                "east": {
                    "uv": [6.5,1.5,7,1.75],
                    "texture": "#back"
                },
                "north": {
                    "uv": [2.375,10.75,5.375,11.25],
                    "texture": "#edge"
                },
                "south": {
                    "uv": [1.75,2.25,4.75,2.5],
                    "texture": "#edge"
                }
            }
        },
        {
            "from": [0,14,9],
            "to": [3,14.25,9.5],
            "faces": {
                "up": {
                    "uv": [2.5625,1.4375,3.0625,4.4375],
                    "texture": "#edge",
                    "rotation": 90
                },
                "down": {
                    "uv": [5.5,1.25,5.0,4.5],
                    "texture": "#edge",
                    "rotation": 90
                },
                "west": {
                    "texture": "#front"
                },
                "east": {
                    "uv": [6.5,1.75,7,2],
                    "texture": "#back"
                },
                "north": {
                    "uv": [2.375,10.75,5.375,11.25],
                    "texture": "#edge"
                },
                "south": {
                    "uv": [1.75,2.25,4.75,2.5],
                    "texture": "#edge"
                }
            }
        },
        {
            "from": [0,13.75,9.25],
            "to": [3,14,9.5],
            "faces": {
                "up": {
                    "uv": [2.5625,1.4375,3.0625,4.4375],
                    "texture": "#edge",
                    "rotation": 90
                },
                "down": {
                    "uv": [5.5,1.25,5.0,4.5],
                    "texture": "#edge",
                    "rotation": 90
                },
                "west": {
                    "uv": [9.25,2.0,9.75,2.25],
                    "texture": "#front"
                },
                "east": {
                    "uv": [6.5,2,6.75,2.25],
                    "texture": "#back"
                },
                "north": {
                    "uv": [2.375,10.75,5.375,11.25],
                    "texture": "#edge"
                },
                "south": {
                    "uv": [1.75,2.25,4.75,2.5],
                    "texture": "#edge"
                }
            }
        }
    ]
}