{
    "__comment": "Model generated using MrCrayfish's Model Creator (http://mrcrayfish.com/modelcreator/)",
"ambientocclusion": false,
    "textures": {
        "0": "items/potion_bottle_drinkable",
        "1": "items/tools/juice_color",
        "2": "blocks/log_oak",
        "3": "blocks/planks_oak"
    },
    "elements": [
        {
            "name": "Element",
            "from": [ 6.5, 15.49999999254942, 6.5 ], 
            "to": [ 9.5, 17.99999999254942, 9.5 ], 
            "faces": {
                "north": { "texture": "#0", "uv": [ 6.5, 2.5, 9.5, 5.0 ] },
                "east": { "texture": "#0", "uv": [ 6.5, 2.5, 9.5, 5.0 ] },
                "south": { "texture": "#0", "uv": [ 6.5, 2.5, 9.5, 5.0 ] },
                "west": { "texture": "#0", "uv": [ 6.5, 2.5, 9.5, 5.0 ] },
                "up": { "texture": "#0", "uv": [ 6.5, 2.5, 9.5, 3.0 ] },
                "down": { "texture": "#0", "uv": [ 9.5, 3.0, 6.5, 2.5 ] }
            }
        },
        {
            "name": "Element",
            "from": [ 6.0, 16.49999999254942, 6.0 ], 
            "to": [ 10.0, 16.99999999254942, 10.0 ], 
            "faces": {
                "north": { "texture": "#0", "uv": [ 6.0, 3.5, 10.0, 4.0 ] },
                "east": { "texture": "#0", "uv": [ 6.0, 3.5, 10.0, 4.0 ] },
                "south": { "texture": "#0", "uv": [ 6.0, 3.5, 10.0, 4.0 ] },
                "west": { "texture": "#0", "uv": [ 6.0, 3.5, 10.0, 4.0 ] },
                "up": { "texture": "#0", "uv": [ 6.0, 3.5, 6.5, 4.0 ] },
                "down": { "texture": "#0", "uv": [ 10.0, 4.0, 9.5, 3.5 ] }
            }
        },
        {
            "name": "Element",
            "from": [ 6.0, 15.49999999254942, 6.0 ], 
            "to": [ 6.5, 16.49999999254942, 10.0 ], 
            "faces": {
                "west": { "texture": "#0", "uv": [ 6.0, 7.0, 10.0, 7.5 ] }
            }
        },
        {
            "name": "Element",
            "from": [ 9.5, 15.49999999254942, 6.0 ], 
            "to": [ 10.0, 16.49999999254942, 10.0 ], 
            "faces": {
                "east": { "texture": "#0", "uv": [ 6.0, 7.0, 10.0, 7.5 ] }
            }
        },
        {
            "name": "Element",
            "from": [ 6.0, 15.49999999254942, 6.0 ], 
            "to": [ 10.0, 16.49999999254942, 6.5 ], 
            "faces": {
                "north": { "texture": "#0", "uv": [ 6.0, 7.0, 10.0, 7.5 ] },
                "down": { "texture": "#0", "uv": [ 5.0, 6.0, 4.5, 5.0 ] }
            }
        },
        {
            "name": "Element",
            "from": [ 6.0, 15.49999999254942, 9.5 ], 
            "to": [ 10.0, 16.49999999254942, 10.0 ], 
            "faces": {
                "east": { "texture": "#0", "uv": [ 6.0, 7.0, 6.5, 7.5 ] },
                "south": { "texture": "#0", "uv": [ 6.0, 7.0, 10.0, 7.5 ] }
            }
        },
        {
            "name": "Element",
            "from": [ 6.5, 14.99999999254942, 6.5 ], 
            "to": [ 9.5, 15.49999999254942, 9.5 ], 
            "faces": {
                "north": { "texture": "#0", "uv": [ 6.5, 5.0, 9.5, 5.5 ] },
                "east": { "texture": "#0", "uv": [ 6.5, 5.0, 9.5, 5.5 ] },
                "south": { "texture": "#0", "uv": [ 6.5, 5.0, 9.5, 5.5 ] },
                "west": { "texture": "#0", "uv": [ 6.5, 5.0, 9.5, 5.5 ] }
            }
        },
        {
            "name": "Element",
            "from": [ 7.0, 13.99999999254942, 7.0 ], 
            "to": [ 9.0, 14.99999999254942, 9.0 ], 
            "faces": {
                "north": { "texture": "#0", "uv": [ 7.0, 5.5, 9.0, 6.5 ] },
                "east": { "texture": "#0", "uv": [ 7.0, 5.5, 9.0, 6.5 ] },
                "south": { "texture": "#0", "uv": [ 7.0, 5.5, 9.0, 6.5 ] },
                "west": { "texture": "#0", "uv": [ 7.0, 5.5, 9.0, 6.5 ] }
            }
        },
        {
            "name": "Element",
            "from": [ 6.5, 13.49999999254942, 6.5 ], 
            "to": [ 9.5, 13.99999999254942, 9.5 ], 
            "faces": {
                "north": { "texture": "#0", "uv": [ 6.5, 6.5, 9.5, 7.0 ] },
                "east": { "texture": "#0", "uv": [ 6.5, 6.5, 9.5, 7.0 ] },
                "south": { "texture": "#0", "uv": [ 6.5, 6.5, 9.5, 7.0 ] },
                "west": { "texture": "#0", "uv": [ 6.5, 6.5, 9.5, 7.0 ] }
            }
        },
        {
            "name": "Element",
            "from": [ 6.0, 12.99999999254942, 6.0 ], 
            "to": [ 10.0, 13.49999999254942, 10.0 ], 
            "faces": {
                "north": { "texture": "#0", "uv": [ 6.0, 7.0, 10.0, 7.5 ] },
                "east": { "texture": "#0", "uv": [ 6.0, 7.0, 10.0, 7.5 ] },
                "south": { "texture": "#0", "uv": [ 6.0, 7.0, 10.0, 7.5 ] },
                "west": { "texture": "#0", "uv": [ 6.0, 7.0, 10.0, 7.5 ] }
            }
        },
        {
            "name": "Element",
            "from": [ 5.5, 12.49999999254942, 5.5 ], 
            "to": [ 10.5, 12.99999999254942, 10.5 ], 
            "faces": {
                "north": { "texture": "#0", "uv": [ 5.5, 7.5, 10.5, 8.0 ] },
                "east": { "texture": "#0", "uv": [ 5.5, 7.5, 10.5, 8.0 ] },
                "south": { "texture": "#0", "uv": [ 5.5, 7.5, 10.5, 8.0 ] },
                "west": { "texture": "#0", "uv": [ 5.5, 7.5, 10.5, 8.0 ] }
            }
        },
        {
            "name": "Element",
            "from": [ 5.0, 11.99999999254942, 5.0 ], 
            "to": [ 11.0, 12.49999999254942, 11.0 ], 
            "faces": {
                "north": { "texture": "#0", "uv": [ 5.0, 8.0, 11.0, 8.5 ] },
                "east": { "texture": "#0", "uv": [ 5.0, 8.0, 11.0, 8.5 ] },
                "south": { "texture": "#0", "uv": [ 5.0, 8.0, 11.0, 8.5 ] },
                "west": { "texture": "#0", "uv": [ 5.0, 8.0, 11.0, 8.5 ] }
            }
        },
        {
            "name": "Element",
            "from": [ 4.5, 10.99999999254942, 4.5 ], 
            "to": [ 11.5, 11.99999999254942, 11.5 ], 
            "faces": {
                "north": { "texture": "#0", "uv": [ 4.5, 8.5, 11.5, 9.5 ] },
                "east": { "texture": "#0", "uv": [ 4.5, 8.5, 11.5, 9.5 ] },
                "south": { "texture": "#0", "uv": [ 4.5, 8.5, 11.5, 9.5 ] },
                "west": { "texture": "#0", "uv": [ 4.5, 8.5, 11.5, 9.5 ] }
            }
        },
        {
            "name": "Element",
            "from": [ 4.0, 7.499999992549419, 4.0 ], 
            "to": [ 12.0, 10.99999999254942, 12.0 ], 
            "faces": {
                "north": { "texture": "#0", "uv": [ 4.0, 9.5, 12.0, 13.0 ] },
                "east": { "texture": "#0", "uv": [ 4.0, 9.5, 12.0, 13.0 ] },
                "south": { "texture": "#0", "uv": [ 4.0, 9.5, 12.0, 13.0 ] },
                "west": { "texture": "#0", "uv": [ 4.0, 9.5, 12.0, 13.0 ] }
            }
        },
        {
            "name": "Element",
            "from": [ 4.5, 6.999999992549419, 4.5 ], 
            "to": [ 11.5, 7.499999992549419, 11.5 ], 
            "faces": {
                "north": { "texture": "#0", "uv": [ 4.5, 13.0, 11.5, 13.5 ] },
                "east": { "texture": "#0", "uv": [ 4.5, 13.0, 11.5, 13.5 ] },
                "south": { "texture": "#0", "uv": [ 4.5, 13.0, 11.5, 13.5 ] },
                "west": { "texture": "#0", "uv": [ 4.5, 13.0, 11.5, 13.5 ] }
            }
        },
        {
            "name": "Element",
            "from": [ 5.0, 6.499999992549419, 5.0 ], 
            "to": [ 11.0, 6.999999992549419, 11.0 ], 
            "faces": {
                "north": { "texture": "#0", "uv": [ 5.0, 13.5, 11.0, 14.0 ] },
                "east": { "texture": "#0", "uv": [ 5.0, 13.5, 11.0, 14.0 ] },
                "south": { "texture": "#0", "uv": [ 5.0, 13.5, 11.0, 14.0 ] },
                "west": { "texture": "#0", "uv": [ 5.0, 13.5, 11.0, 14.0 ] }
            }
        },
        {
            "name": "Element",
            "from": [ 6.0, 5.999999992549419, 6.0 ], 
            "to": [ 10.0, 6.499999992549419, 10.0 ], 
            "faces": {
                "north": { "texture": "#0", "uv": [ 6.0, 14.0, 10.0, 14.5 ] },
                "east": { "texture": "#0", "uv": [ 6.0, 14.0, 10.0, 14.5 ] },
                "south": { "texture": "#0", "uv": [ 6.0, 14.0, 10.0, 14.5 ] },
                "west": { "texture": "#0", "uv": [ 6.0, 14.0, 10.0, 14.5 ] }
            }
        },
        {
            "name": "Element",
            "from": [ 5.5, 11.49999999254942, 5.5 ], 
            "to": [ 10.5, 12.49999999254942, 10.5 ], 
            "faces": {
                "north": { "texture": "#1", "uv": [ 5.5, 8.0, 10.5, 9.0 ] },
                "east": { "texture": "#1", "uv": [ 5.5, 8.0, 10.5, 9.0 ] },
                "south": { "texture": "#1", "uv": [ 5.5, 8.0, 10.5, 9.0 ] },
                "west": { "texture": "#1", "uv": [ 5.5, 8.0, 10.5, 9.0 ] },
                "up": { "texture": "#1", "uv": [ 5.5, 8.5, 10.5, 13.5 ] },
                "down": { "texture": "#1", "uv": [ 10.5, 13.5, 5.5, 8.5 ] }
            }
        },
        {
            "name": "Element",
            "from": [ 5.0, 10.99999999254942, 5.0 ], 
            "to": [ 11.0, 11.49999999254942, 11.0 ], 
            "faces": {
                "north": { "texture": "#1", "uv": [ 5.0, 9.0, 11.0, 9.5 ] },
                "east": { "texture": "#1", "uv": [ 5.0, 9.0, 11.0, 9.5 ] },
                "south": { "texture": "#1", "uv": [ 5.0, 9.0, 11.0, 9.5 ] },
                "west": { "texture": "#1", "uv": [ 5.0, 9.0, 11.0, 9.5 ] },
                "up": { "texture": "#1", "uv": [ 5.5, 8.5, 10.5, 13.5 ] },
                "down": { "texture": "#1", "uv": [ 10.5, 13.5, 5.5, 8.5 ] }
            }
        },
        {
            "name": "Element",
            "from": [ 4.5, 7.499999992549419, 4.5 ], 
            "to": [ 11.5, 10.99999999254942, 11.5 ], 
            "faces": {
                "north": { "texture": "#1", "uv": [ 4.5, 9.5, 11.5, 13.0 ] },
                "east": { "texture": "#1", "uv": [ 4.5, 9.5, 11.5, 13.0 ] },
                "south": { "texture": "#1", "uv": [ 4.5, 9.5, 11.5, 13.0 ] },
                "west": { "texture": "#1", "uv": [ 4.5, 9.5, 11.5, 13.0 ] },
                "up": { "texture": "#1", "uv": [ 5.5, 8.5, 10.5, 13.5 ] },
                "down": { "texture": "#1", "uv": [ 10.5, 13.5, 5.5, 8.5 ] }
            }
        },
        {
            "name": "Element",
            "from": [ 5.0, 6.999999992549419, 5.0 ], 
            "to": [ 11.0, 7.499999992549419, 11.0 ], 
            "faces": {
                "north": { "texture": "#1", "uv": [ 5.0, 13.0, 11.0, 13.5 ] },
                "east": { "texture": "#1", "uv": [ 5.0, 13.0, 11.0, 13.5 ] },
                "south": { "texture": "#1", "uv": [ 5.0, 13.0, 11.0, 13.5 ] },
                "west": { "texture": "#1", "uv": [ 5.0, 13.0, 11.0, 13.5 ] },
                "up": { "texture": "#1", "uv": [ 5.5, 8.5, 10.5, 13.5 ] },
                "down": { "texture": "#1", "uv": [ 10.5, 13.5, 5.5, 8.5 ] }
            }
        },
        {
            "name": "Element",
            "from": [ 6.0, 6.499999992549419, 6.0 ], 
            "to": [ 10.0, 6.999999992549419, 10.0 ], 
            "faces": {
                "north": { "texture": "#1", "uv": [ 6.0, 13.5, 10.0, 14.0 ] },
                "east": { "texture": "#1", "uv": [ 6.0, 13.5, 10.0, 14.0 ] },
                "south": { "texture": "#1", "uv": [ 6.0, 13.5, 10.0, 14.0 ] },
                "west": { "texture": "#1", "uv": [ 6.0, 13.5, 10.0, 14.0 ] },
                "up": { "texture": "#1", "uv": [ 5.5, 8.5, 10.5, 13.5 ] },
                "down": { "texture": "#1", "uv": [ 10.5, 13.5, 5.5, 8.5 ] }
            }
        },
        {
            "name": "Cube",
            "from": [ 0.0, 4.299999989569187, 0.0 ], 
            "to": [ 14.0, 6.0, 16.0 ], 
            "faces": {
                "north": { "texture": "#2", "uv": [ 0.0, 6.0, 16.0, 8.0 ] },
                "east": { "texture": "#2", "uv": [ 0.0, 0.0, 16.0, 1.7000000104308128 ] },
                "south": { "texture": "#2", "uv": [ 0.0, 0.0, 14.0, 1.7000000104308128 ] },
                "west": { "texture": "#2", "uv": [ 0.0, 0.0, 16.0, 1.7000000104308128 ] },
                "up": { "texture": "#3", "uv": [ 0.0, 0.0, 16.0, 16.0 ] },
                "down": { "texture": "#3", "uv": [ 0.0, 0.0, 16.0, 16.0 ] }
            }
        },
        {
            "name": "Cube",
            "from": [ -5.0, 9.699999995529652, 1.5000000074505806 ], 
            "to": [ 1.0, 11.0, 3.0 ], 
            "rotation": { "origin": [ 8.0, 8.0, 8.0 ], "axis": "z", "angle": 45.0 },
            "faces": {
                "north": { "texture": "#2", "uv": [ 0.0, 0.0, 6.0, 1.3000000044703484 ] },
                "east": { "texture": "#2", "uv": [ 0.0, 0.0, 1.4999999925494194, 1.3000000044703484 ] },
                "south": { "texture": "#2", "uv": [ 0.0, 0.0, 6.0, 1.3000000044703484 ] },
                "west": { "texture": "#2", "uv": [ 0.0, 0.0, 1.4999999925494194, 1.3000000044703484 ] },
                "up": { "texture": "#2", "uv": [ 0.0, 0.0, 6.0, 1.4999999925494194 ] },
                "down": { "texture": "#2", "uv": [ 0.0, 0.0, 6.0, 1.4999999925494194 ] }
            }
        },
        {
            "name": "Cube",
            "from": [ -5.0, 9.699999995529652, 13.0 ], 
            "to": [ 1.0, 11.0, 14.50000000745058 ], 
            "rotation": { "origin": [ 8.0, 8.0, 8.0 ], "axis": "z", "angle": 45.0 },
            "faces": {
                "north": { "texture": "#2", "uv": [ 0.0, 0.0, 6.0, 1.3000000044703484 ] },
                "east": { "texture": "#2", "uv": [ 0.0, 0.0, 1.5000000074505806, 1.3000000044703484 ] },
                "south": { "texture": "#2", "uv": [ 0.0, 0.0, 6.0, 1.3000000044703484 ] },
                "west": { "texture": "#2", "uv": [ 0.0, 0.0, 1.5000000074505806, 1.3000000044703484 ] },
                "up": { "texture": "#2", "uv": [ 0.0, 0.0, 6.0, 1.5000000074505806 ] },
                "down": { "texture": "#2", "uv": [ 0.0, 0.0, 6.0, 1.5000000074505806 ] }
            }
        }
    ]
}