{
    "__comment": "Model generated using MrCrayfish's Model Creator (http://mrcrayfish.com/modelcreator/)",
"ambientocclusion": false,
    "textures": {
        "0": "items/potion_bottle_drinkable",
        "1": "items/tools/juice_color"
    },
    "elements": [
        {
            "name": "Element",
            "from": [ 6.5, 9.49999999254942, 6.5 ], 
            "to": [ 9.5, 11.99999999254942, 9.5 ], 
            "faces": {
                "north": { "texture": "#0", "uv": [ 6.5, 2.5, 9.5, 5.0 ] },
                "east": { "texture": "#0", "uv": [ 6.5, 2.5, 9.5, 5.0 ] },
                "south": { "texture": "#0", "uv": [ 6.5, 2.5, 9.5, 5.0 ] },
                "west": { "texture": "#0", "uv": [ 6.5, 2.5, 9.5, 5.0 ] },
                "up": { "texture": "#0", "uv": [ 6.5, 2.5, 9.5, 3.0 ] },
                "down": { "texture": "#0", "uv": [ 9.5, 3.0, 6.5, 2.5 ] }
            }
        },
        {
            "name": "Element",
            "from": [ 6.0, 10.49999999254942, 6.0 ], 
            "to": [ 10.0, 10.99999999254942, 10.0 ], 
            "faces": {
                "north": { "texture": "#0", "uv": [ 6.0, 3.5, 10.0, 4.0 ] },
                "east": { "texture": "#0", "uv": [ 6.0, 3.5, 10.0, 4.0 ] },
                "south": { "texture": "#0", "uv": [ 6.0, 3.5, 10.0, 4.0 ] },
                "west": { "texture": "#0", "uv": [ 6.0, 3.5, 10.0, 4.0 ] },
                "up": { "texture": "#0", "uv": [ 6.0, 3.5, 6.5, 4.0 ] },
                "down": { "texture": "#0", "uv": [ 10.0, 4.0, 9.5, 3.5 ] }
            }
        },
        {
            "name": "Element",
            "from": [ 6.0, 9.49999999254942, 6.0 ], 
            "to": [ 6.5, 10.49999999254942, 10.0 ], 
            "faces": {
                "west": { "texture": "#0", "uv": [ 6.0, 7.0, 10.0, 7.5 ] }
            }
        },
        {
            "name": "Element",
            "from": [ 9.5, 9.49999999254942, 6.0 ], 
            "to": [ 10.0, 10.49999999254942, 10.0 ], 
            "faces": {
                "east": { "texture": "#0", "uv": [ 6.0, 7.0, 10.0, 7.5 ] }
            }
        },
        {
            "name": "Element",
            "from": [ 6.0, 9.49999999254942, 6.0 ], 
            "to": [ 10.0, 10.49999999254942, 6.5 ], 
            "faces": {
                "north": { "texture": "#0", "uv": [ 6.0, 7.0, 10.0, 7.5 ] },
                "down": { "texture": "#0", "uv": [ 5.0, 6.0, 4.5, 5.0 ] }
            }
        },
        {
            "name": "Element",
            "from": [ 6.0, 9.49999999254942, 9.5 ], 
            "to": [ 10.0, 10.49999999254942, 10.0 ], 
            "faces": {
                "east": { "texture": "#0", "uv": [ 6.0, 7.0, 6.5, 7.5 ] },
                "south": { "texture": "#0", "uv": [ 6.0, 7.0, 10.0, 7.5 ] }
            }
        },
        {
            "name": "Element",
            "from": [ 6.5, 8.99999999254942, 6.5 ], 
            "to": [ 9.5, 9.49999999254942, 9.5 ], 
            "faces": {
                "north": { "texture": "#0", "uv": [ 6.5, 5.0, 9.5, 5.5 ] },
                "east": { "texture": "#0", "uv": [ 6.5, 5.0, 9.5, 5.5 ] },
                "south": { "texture": "#0", "uv": [ 6.5, 5.0, 9.5, 5.5 ] },
                "west": { "texture": "#0", "uv": [ 6.5, 5.0, 9.5, 5.5 ] }
            }
        },
        {
            "name": "Element",
            "from": [ 7.0, 7.999999992549419, 7.0 ], 
            "to": [ 9.0, 8.99999999254942, 9.0 ], 
            "faces": {
                "north": { "texture": "#0", "uv": [ 7.0, 5.5, 9.0, 6.5 ] },
                "east": { "texture": "#0", "uv": [ 7.0, 5.5, 9.0, 6.5 ] },
                "south": { "texture": "#0", "uv": [ 7.0, 5.5, 9.0, 6.5 ] },
                "west": { "texture": "#0", "uv": [ 7.0, 5.5, 9.0, 6.5 ] }
            }
        },
        {
            "name": "Element",
            "from": [ 6.5, 7.499999992549419, 6.5 ], 
            "to": [ 9.5, 7.999999992549419, 9.5 ], 
            "faces": {
                "north": { "texture": "#0", "uv": [ 6.5, 6.5, 9.5, 7.0 ] },
                "east": { "texture": "#0", "uv": [ 6.5, 6.5, 9.5, 7.0 ] },
                "south": { "texture": "#0", "uv": [ 6.5, 6.5, 9.5, 7.0 ] },
                "west": { "texture": "#0", "uv": [ 6.5, 6.5, 9.5, 7.0 ] }
            }
        },
        {
            "name": "Element",
            "from": [ 6.0, 6.999999992549419, 6.0 ], 
            "to": [ 10.0, 7.499999992549419, 10.0 ], 
            "faces": {
                "north": { "texture": "#0", "uv": [ 6.0, 7.0, 10.0, 7.5 ] },
                "east": { "texture": "#0", "uv": [ 6.0, 7.0, 10.0, 7.5 ] },
                "south": { "texture": "#0", "uv": [ 6.0, 7.0, 10.0, 7.5 ] },
                "west": { "texture": "#0", "uv": [ 6.0, 7.0, 10.0, 7.5 ] }
            }
        },
        {
            "name": "Element",
            "from": [ 5.5, 6.499999992549419, 5.5 ], 
            "to": [ 10.5, 6.999999992549419, 10.5 ], 
            "faces": {
                "north": { "texture": "#0", "uv": [ 5.5, 7.5, 10.5, 8.0 ] },
                "east": { "texture": "#0", "uv": [ 5.5, 7.5, 10.5, 8.0 ] },
                "south": { "texture": "#0", "uv": [ 5.5, 7.5, 10.5, 8.0 ] },
                "west": { "texture": "#0", "uv": [ 5.5, 7.5, 10.5, 8.0 ] }
            }
        },
        {
            "name": "Element",
            "from": [ 5.0, 5.999999992549419, 5.0 ], 
            "to": [ 11.0, 6.499999992549419, 11.0 ], 
            "faces": {
                "north": { "texture": "#0", "uv": [ 5.0, 8.0, 11.0, 8.5 ] },
                "east": { "texture": "#0", "uv": [ 5.0, 8.0, 11.0, 8.5 ] },
                "south": { "texture": "#0", "uv": [ 5.0, 8.0, 11.0, 8.5 ] },
                "west": { "texture": "#0", "uv": [ 5.0, 8.0, 11.0, 8.5 ] }
            }
        },
        {
            "name": "Element",
            "from": [ 4.5, 4.999999992549419, 4.5 ], 
            "to": [ 11.5, 5.999999992549419, 11.5 ], 
            "faces": {
                "north": { "texture": "#0", "uv": [ 4.5, 8.5, 11.5, 9.5 ] },
                "east": { "texture": "#0", "uv": [ 4.5, 8.5, 11.5, 9.5 ] },
                "south": { "texture": "#0", "uv": [ 4.5, 8.5, 11.5, 9.5 ] },
                "west": { "texture": "#0", "uv": [ 4.5, 8.5, 11.5, 9.5 ] }
            }
        },
        {
            "name": "Element",
            "from": [ 4.0, 1.4999999925494194, 4.0 ], 
            "to": [ 12.0, 4.999999992549419, 12.0 ], 
            "faces": {
                "north": { "texture": "#0", "uv": [ 4.0, 9.5, 12.0, 13.0 ] },
                "east": { "texture": "#0", "uv": [ 4.0, 9.5, 12.0, 13.0 ] },
                "south": { "texture": "#0", "uv": [ 4.0, 9.5, 12.0, 13.0 ] },
                "west": { "texture": "#0", "uv": [ 4.0, 9.5, 12.0, 13.0 ] }
            }
        },
        {
            "name": "Element",
            "from": [ 4.5, 0.9999999925494194, 4.5 ], 
            "to": [ 11.5, 1.4999999925494194, 11.5 ], 
            "faces": {
                "north": { "texture": "#0", "uv": [ 4.5, 13.0, 11.5, 13.5 ] },
                "east": { "texture": "#0", "uv": [ 4.5, 13.0, 11.5, 13.5 ] },
                "south": { "texture": "#0", "uv": [ 4.5, 13.0, 11.5, 13.5 ] },
                "west": { "texture": "#0", "uv": [ 4.5, 13.0, 11.5, 13.5 ] }
            }
        },
        {
            "name": "Element",
            "from": [ 5.0, 0.4999999925494194, 5.0 ], 
            "to": [ 11.0, 0.9999999925494194, 11.0 ], 
            "faces": {
                "north": { "texture": "#0", "uv": [ 5.0, 13.5, 11.0, 14.0 ] },
                "east": { "texture": "#0", "uv": [ 5.0, 13.5, 11.0, 14.0 ] },
                "south": { "texture": "#0", "uv": [ 5.0, 13.5, 11.0, 14.0 ] },
                "west": { "texture": "#0", "uv": [ 5.0, 13.5, 11.0, 14.0 ] }
            }
        },
        {
            "name": "Element",
            "from": [ 6.0, -7.450580596923828E-9, 6.0 ], 
            "to": [ 10.0, 0.4999999925494194, 10.0 ], 
            "faces": {
                "north": { "texture": "#0", "uv": [ 6.0, 14.0, 10.0, 14.5 ] },
                "east": { "texture": "#0", "uv": [ 6.0, 14.0, 10.0, 14.5 ] },
                "south": { "texture": "#0", "uv": [ 6.0, 14.0, 10.0, 14.5 ] },
                "west": { "texture": "#0", "uv": [ 6.0, 14.0, 10.0, 14.5 ] }
            }
        },
        {
            "name": "Element",
            "from": [ 5.5, 5.499999992549419, 5.5 ], 
            "to": [ 10.5, 6.499999992549419, 10.5 ], 
            "faces": {
                "north": { "texture": "#1", "uv": [ 5.5, 8.0, 10.5, 9.0 ] },
                "east": { "texture": "#1", "uv": [ 5.5, 8.0, 10.5, 9.0 ] },
                "south": { "texture": "#1", "uv": [ 5.5, 8.0, 10.5, 9.0 ] },
                "west": { "texture": "#1", "uv": [ 5.5, 8.0, 10.5, 9.0 ] },
                "up": { "texture": "#1", "uv": [ 5.5, 8.5, 10.5, 13.5 ] },
                "down": { "texture": "#1", "uv": [ 10.5, 13.5, 5.5, 8.5 ] }
            }
        },
        {
            "name": "Element",
            "from": [ 5.0, 4.999999992549419, 5.0 ], 
            "to": [ 11.0, 5.499999992549419, 11.0 ], 
            "faces": {
                "north": { "texture": "#1", "uv": [ 5.0, 9.0, 11.0, 9.5 ] },
                "east": { "texture": "#1", "uv": [ 5.0, 9.0, 11.0, 9.5 ] },
                "south": { "texture": "#1", "uv": [ 5.0, 9.0, 11.0, 9.5 ] },
                "west": { "texture": "#1", "uv": [ 5.0, 9.0, 11.0, 9.5 ] },
                "up": { "texture": "#1", "uv": [ 5.5, 8.5, 10.5, 13.5 ] },
                "down": { "texture": "#1", "uv": [ 10.5, 13.5, 5.5, 8.5 ] }
            }
        },
        {
            "name": "Element",
            "from": [ 4.5, 1.4999999925494194, 4.5 ], 
            "to": [ 11.5, 4.999999992549419, 11.5 ], 
            "faces": {
                "north": { "texture": "#1", "uv": [ 4.5, 9.5, 11.5, 13.0 ] },
                "east": { "texture": "#1", "uv": [ 4.5, 9.5, 11.5, 13.0 ] },
                "south": { "texture": "#1", "uv": [ 4.5, 9.5, 11.5, 13.0 ] },
                "west": { "texture": "#1", "uv": [ 4.5, 9.5, 11.5, 13.0 ] },
                "up": { "texture": "#1", "uv": [ 5.5, 8.5, 10.5, 13.5 ] },
                "down": { "texture": "#1", "uv": [ 10.5, 13.5, 5.5, 8.5 ] }
            }
        },
        {
            "name": "Element",
            "from": [ 5.0, 0.9999999925494194, 5.0 ], 
            "to": [ 11.0, 1.4999999925494194, 11.0 ], 
            "faces": {
                "north": { "texture": "#1", "uv": [ 5.0, 13.0, 11.0, 13.5 ] },
                "east": { "texture": "#1", "uv": [ 5.0, 13.0, 11.0, 13.5 ] },
                "south": { "texture": "#1", "uv": [ 5.0, 13.0, 11.0, 13.5 ] },
                "west": { "texture": "#1", "uv": [ 5.0, 13.0, 11.0, 13.5 ] },
                "up": { "texture": "#1", "uv": [ 5.5, 8.5, 10.5, 13.5 ] },
                "down": { "texture": "#1", "uv": [ 10.5, 13.5, 5.5, 8.5 ] }
            }
        },
        {
            "name": "Element",
            "from": [ 6.0, 0.4999999925494194, 6.0 ], 
            "to": [ 10.0, 0.9999999925494194, 10.0 ], 
            "faces": {
                "north": { "texture": "#1", "uv": [ 6.0, 13.5, 10.0, 14.0 ] },
                "east": { "texture": "#1", "uv": [ 6.0, 13.5, 10.0, 14.0 ] },
                "south": { "texture": "#1", "uv": [ 6.0, 13.5, 10.0, 14.0 ] },
                "west": { "texture": "#1", "uv": [ 6.0, 13.5, 10.0, 14.0 ] },
                "up": { "texture": "#1", "uv": [ 5.5, 8.5, 10.5, 13.5 ] },
                "down": { "texture": "#1", "uv": [ 10.5, 13.5, 5.5, 8.5 ] }
            }
        }
    ]
}