{
    "__createdwith": "opl's Model Creator",
    "ambientocclusion": false,
    "textures": {
        "edge": "blocks/trapdoor-edge",
        "texture": "blocks/trapdoor",
        "particle": "blocks/trapdoor"
    },
    "elements": [
        {
            "from": [0,13,0],
            "to": [16,16,0.5],
            "faces": {
                "up": {
                    "texture": "#particle",
                    "cullface": up
                },
                "down": {
                    "texture": "#texture"
                },
                "west": {
                    "uv": [0,3,0.5,0],
                    "texture": "#edge",
                    "cullface": west
                },
                "east": {
                    "uv": [0,3,0.5,0],
                    "texture": "#edge",
                    "cullface": east
                },
                "north": {
                    "uv": [0,3,16,0],
                    "texture": "#edge",
                    "cullface": north
                },
                "south": {
                    "uv": [0,3,16,0],
                    "texture": "#edge"
                }
            }
        },
        {
            "from": [0,13,0.5],
            "to": [0.5,16,15.5],
            "faces": {
                "up": {
                    "texture": "#texture"
                },
                "down": {
                    "texture": "#texture"
                },
                "west": {
                    "texture": "#edge"
                },
                "east": {
                    "texture": "#edge"
                }
            }
        },
        {
            "from": [0,13,15.5],
            "to": [16,16,16],
            "faces": {
                "up": {
                    "texture": "#particle",
                    "cullface": up
                },
                "down": {
                    "texture": "#texture"
                },
                "west": {
                    "uv": [15.5,3,16,0],
                    "texture": "#edge",
                    "cullface": west
                },
                "east": {
                    "uv": [15.5,3,16,0],
                    "texture": "#edge",
                    "cullface": east
                },
                "north": {
                    "uv": [0,3,16,0],
                    "texture": "#edge"
                },
                "south": {
                    "uv": [0,3,16,0],
                    "texture": "#edge",
                    "cullface": south
                }
            }
        },
        {
            "from": [15.5,13,0.5],
            "to": [16,16,15.5],
            "faces": {
                "up": {
                    "texture": "#texture"
                },
                "down": {
                    "texture": "#texture"
                },
                "west": {
                    "texture": "#edge"
                },
                "east": {
                    "texture": "#edge"
                }
            }
        },
        {
            "from": [0.5,13.25,0.5],
            "to": [3,15.75,15.5],
            "faces": {
                "up": {
                    "texture": "#texture"
                },
                "down": {
                    "texture": "#texture"
                },
                "east": {
                    "texture": "#edge"
                }
            }
        },
        {
            "from": [3,13.25,13],
            "to": [13,15.75,15.5],
            "faces": {
                "up": {
                    "texture": "#texture"
                },
                "down": {
                    "uv": [3,0.5,13,3],
                    "texture": "#texture"
                },
                "north": {
                    "texture": "#edge"
                }
            }
        },
        {
            "from": [13,13.25,0.5],
            "to": [15.5,15.75,15.5],
            "faces": {
                "up": {
                    "texture": "#texture"
                },
                "down": {
                    "texture": "#texture"
                },
                "west": {
                    "texture": "#edge"
                }
            }
        },
        {
            "from": [3,13.25,0.5],
            "to": [13,15.75,3],
            "faces": {
                "up": {
                    "texture": "#texture"
                },
                "down": {
                    "uv": [3.0625,13,13.0625,15.5],
                    "texture": "#texture"
                },
                "south": {
                    "texture": "#edge"
                }
            }
        },
        {
            "from": [3,13.25,6],
            "to": [13,15.75,10],
            "faces": {
                "up": {
                    "texture": "#texture"
                },
                "down": {
                    "texture": "#texture"
                },
                "north": {
                    "texture": "#edge"
                },
                "south": {
                    "texture": "#edge"
                }
            }
        },
        {
            "from": [6,13.25,10],
            "to": [10,15.75,13],
            "faces": {
                "up": {
                    "texture": "#texture"
                },
                "down": {
                    "texture": "#texture"
                },
                "west": {
                    "texture": "#edge"
                },
                "east": {
                    "texture": "#edge"
                }
            }
        },
        {
            "from": [6,13.25,3],
            "to": [10,15.75,6],
            "faces": {
                "up": {
                    "texture": "#texture"
                },
                "down": {
                    "texture": "#texture"
                },
                "west": {
                    "texture": "#edge"
                },
                "east": {
                    "texture": "#edge"
                }
            }
        }
    ]
}