{
    "__createdwith": "opl's Model Creator",
    "ambientocclusion": false,
    "textures": {
        "edge": "blocks/trapdoor-edge",
        "texture": "blocks/trapdoor",
        "particle": "blocks/trapdoor"
    },
    "elements": [
        {
            "from": [0,0,0],
            "to": [16,3,0.5],
            "faces": {
                "up": {
                    "texture": "#particle",
                    "cullface": up
                },
                "down": {
                    "texture": "#texture"
                },
                "west": {
                    "uv": [0,3,0.5,0],
                    "texture": "#edge",
                    "cullface": west
                },
                "east": {
                    "uv": [0,3,0.5,0],
                    "texture": "#edge",
                    "cullface": east
                },
                "north": {
                    "uv": [0,3,16,0],
                    "texture": "#edge",
                    "cullface": north
                },
                "south": {
                    "uv": [0,3,16,0],
                    "texture": "#edge"
                }
            }
        },
        {
            "from": [0,0,0.5],
            "to": [0.5,3,15.5],
            "faces": {
                "up": {
                    "texture": "#texture"
                },
                "down": {
                    "texture": "#texture"
                },
                "west": {
                    "uv": [0.5,0,15.5,3],
                    "texture": "#edge"
                },
                "east": {
                    "uv": [0.5,0,15.5,3],
                    "texture": "#edge"
                }
            }
        },
        {
            "from": [0,0,15.5],
            "to": [16,3,16],
            "faces": {
                "up": {
                    "texture": "#particle",
                    "cullface": up
                },
                "down": {
                    "texture": "#texture"
                },
                "west": {
                    "uv": [15.5,3,16,0],
                    "texture": "#edge",
                    "cullface": west
                },
                "east": {
                    "uv": [15.5,3,16,0],
                    "texture": "#edge",
                    "cullface": east
                },
                "north": {
                    "uv": [0,3,16,0],
                    "texture": "#edge"
                },
                "south": {
                    "uv": [0,3,16,0],
                    "texture": "#edge",
                    "cullface": south
                }
            }
        },
        {
            "from": [15.5,0,0.5],
            "to": [16,3,15.5],
            "faces": {
                "up": {
                    "texture": "#texture"
                },
                "down": {
                    "texture": "#texture"
                },
                "west": {
                    "uv": [0.5,0,15.5,3],
                    "texture": "#edge"
                },
                "east": {
                    "uv": [0.5,0,15.5,3],
                    "texture": "#edge"
                }
            }
        },
        {
            "from": [0.5,0.25,0.5],
            "to": [3,2.75,15.5],
            "faces": {
                "up": {
                    "texture": "#texture"
                },
                "down": {
                    "texture": "#texture"
                },
                "east": {
                    "uv": [0.5,0.25,15.5,2.75],
                    "texture": "#edge"
                }
            }
        },
        {
            "from": [3,0.25,13],
            "to": [13,2.75,15.5],
            "faces": {
                "up": {
                    "texture": "#texture"
                },
                "down": {
                    "uv": [3,0.5,13,3],
                    "texture": "#texture"
                },
                "north": {
                    "uv": [3.25,0.25,13.25,2.75],
                    "texture": "#edge"
                }
            }
        },
        {
            "from": [13,0.25,0.5],
            "to": [15.5,2.75,15.5],
            "faces": {
                "up": {
                    "texture": "#texture"
                },
                "down": {
                    "texture": "#texture"
                },
                "west": {
                    "uv": [0.5,0.25,15.5,2.75],
                    "texture": "#edge"
                }
            }
        },
        {
            "from": [3,0.25,0.5],
            "to": [13,2.75,3],
            "faces": {
                "up": {
                    "texture": "#texture"
                },
                "down": {
                    "uv": [3.0625,13,13.0625,15.5],
                    "texture": "#texture"
                },
                "south": {
                    "uv": [3,0.25,13,2.75],
                    "texture": "#edge"
                }
            }
        },
        {
            "from": [3,0.25,6],
            "to": [13,2.75,10],
            "faces": {
                "up": {
                    "texture": "#texture"
                },
                "down": {
                    "texture": "#texture"
                },
                "north": {
                    "uv": [3,0.25,13,2.75],
                    "texture": "#edge"
                },
                "south": {
                    "uv": [3,0.25,13,2.75],
                    "texture": "#edge"
                }
            }
        },
        {
            "from": [6,0.25,10],
            "to": [10,2.75,13],
            "faces": {
                "up": {
                    "texture": "#texture"
                },
                "down": {
                    "texture": "#texture"
                },
                "west": {
                    "uv": [10,0.25,13,2.75],
                    "texture": "#edge"
                },
                "east": {
                    "uv": [10.5,0.25,13.5,2.75],
                    "texture": "#edge"
                }
            }
        },
        {
            "from": [6,0.25,3],
            "to": [10,2.75,6],
            "faces": {
                "up": {
                    "texture": "#texture"
                },
                "down": {
                    "texture": "#texture"
                },
                "west": {
                    "uv": [3.25,0.25,6.25,2.75],
                    "texture": "#edge"
                },
                "east": {
                    "uv": [3,0.25,6,2.75],
                    "texture": "#edge"
                }
            }
        }
    ]
}