{
    "__createdwith": "opl's Model Creator",
    "ambientocclusion": false,
    "textures": {
        "particle": "blocks/nothing",
        "edge": "blocks/door_dark_oak_edge",
        "back": "blocks/door_dark_oak_lower-rh",
        "front": "blocks/door_dark_oak_lower"
    },
    "elements": [
        {
            "from": [0,0,14],
            "to": [3,16,16],
            "faces": {
                "down": {
                    "texture": "#edge"
                },
                "west": {
                    "texture": "#front",
                    "cullface": west
                },
                "east": {
                    "uv": [0.0,0.0,2.0,16.0],
                    "texture": "#back"
                },
                "north": {
                    "uv": [15.5,0.0,12.5,16.0],
                    "texture": "#edge"
                },
                "south": {
                    "uv": [13.5625,0.0,15.75,15.75],
                    "texture": "#edge"
                }
            }
        },
        {
            "from": [0,15.5,2],
            "to": [3,16,14],
            "faces": {
                "up": {
                    "uv": [2.5,1.5,13.5,3.5],
                    "texture": "#edge",
                    "cullface": up,
                    "rotation": 90
                },
                "down": {
                    "uv": [14.0,0.0,2.0,3.0],
                    "texture": "#edge",
                    "rotation": 90
                },
                "west": {
                    "texture": "#front",
                    "cullface": west
                },
                "east": {
                    "texture": "#back"
                }
            }
        },
        {
            "from": [0,0,2],
            "to": [3,2.5,14],
            "faces": {
                "up": {
                    "uv": [2.5,13.5,13.5,15.75],
                    "texture": "#edge",
                    "rotation": 90
                },
                "down": {
                    "texture": "#edge"
                },
                "west": {
                    "texture": "#front"
                },
                "east": {
                    "texture": "#back"
                }
            }
        },
        {
            "from": [0,0,0],
            "to": [3,16,2],
            "faces": {
                "down": {
                    "texture": "#edge"
                },
                "west": {
                    "texture": "#front"
                },
                "east": {
                    "uv": [14.0,0.0,16.0,16.0],
                    "texture": "#back"
                },
                "north": {
                    "uv": [13.5,0.0,15.75,15.75],
                    "texture": "#edge"
                },
                "south": {
                    "uv": [13.5,0.0,15.75,15.75],
                    "texture": "#edge"
                }
            }
        },
        {
            "from": [0,2.5,7],
            "to": [3,15.5,9],
            "faces": {
                "west": {
                    "texture": "#front"
                },
                "east": {
                    "texture": "#back"
                },
                "north": {
                    "uv": [7.5,9.5,8.5,13.5],
                    "texture": "#edge"
                },
                "south": {
                    "uv": [7.5,9.5,8.5,13.5],
                    "texture": "#edge"
                }
            }
        },
        {
            "from": [-0.25,2.5,9],
            "to": [3.25,15.5,14],
            "faces": {
                "up": {
                    "uv": [2.125,8.375,5.625,13.375],
                    "texture": "#edge"
                },
                "down": {
                    "uv": [3.5,7.1875,7.0,12.1875],
                    "texture": "#edge"
                },
                "west": {
                    "uv": [9.0,1.0,14.0,14.0],
                    "texture": "#front"
                },
                "east": {
                    "uv": [2.0,1.0,7.0,14.0],
                    "texture": "#back"
                },
                "north": {
                    "texture": "#edge"
                },
                "south": {
                    "uv": [0.375,0.625,3.875,13.625],
                    "texture": "#edge"
                }
            }
        },
        {
            "from": [-0.25,2.5,2],
            "to": [3.25,15.5,7],
            "faces": {
                "up": {
                    "uv": [2.125,8.375,5.625,13.375],
                    "texture": "#edge"
                },
                "down": {
                    "uv": [3.5,7.1875,7.0,12.1875],
                    "texture": "#edge"
                },
                "west": {
                    "uv": [2.0,1.0,7.0,14.0],
                    "texture": "#front"
                },
                "east": {
                    "uv": [9.0,1.0,14.0,14.0],
                    "texture": "#back"
                },
                "north": {
                    "texture": "#edge"
                },
                "south": {
                    "uv": [0.375,0.625,3.875,13.625],
                    "texture": "#edge"
                }
            }
        }
    ]
}