{
    "__createdwith": "opl's Model Creator",
    "ambientocclusion": false,
    "textures": {
        
        "particle": "blocks/nothing",
        "edge": "blocks/door_wood_lower",
        "front": "blocks/door_wood_lower-rh",
        "back": "blocks/door_wood_lower"
    },
    "elements": [
        {
            "from": [0,0,13.5],
            "to": [3,16,16],
            "faces": {
                "west": {
                    "texture": "#front",
                    "cullface": west
                },
                "east": {
                    "uv": [0,0,2,16],
                    "texture": "#back"
                },
                "north": {
                    "uv": [15.5,0,12.5,16],
                    "texture": "#edge"
                },
                "south": {
                    "uv": [13.5625,0,15.75,15.75],
                    "texture": "#edge"
                }
            }
        },
        {
            "from": [0,12.5,2.5],
            "to": [3,14.5,13.5],
            "faces": {
                "up": {
                    "uv": [2.5,1.5,13.5,3.5],
                    "texture": "#edge",
                    "cullface": up,
                    "rotation": 90
                },
                "down": {
                    "uv": [14,0,2,3],
                    "texture": "#edge",
                    "rotation": 90
                },
                "west": {
                    "texture": "#front",
                    "cullface": west
                },
                "east": {
                    "texture": "#back"
                }
            }
        },
        {
            "from": [0,0,2.5],
            "to": [3,2.5,13.5],
            "faces": {
                "up": {
                    "uv": [2.5,13.5,13.5,15.75],
                    "texture": "#edge",
                    "rotation": 90
                },
                "west": {
                    "texture": "#front"
                },
                "east": {
                    "texture": "#back"
                }
            }
        },
        {
            "from": [0,0,0],
            "to": [3,16,2.5],
            "faces": {
                "west": {
                    "texture": "#front"
                },
                "east": {
                    "uv": [14,0,16,16],
                    "texture": "#back"
                },
                "north": {
                    "uv": [13.5,0,15.75,15.75],
                    "texture": "#edge"
                },
                "south": {
                    "uv": [13.5,0,15.75,15.75],
                    "texture": "#edge"
                }
            }
        },
        {
            "from": [0,2.5,7.5],
            "to": [3,6.5,8.5],
            "faces": {
                "west": {
                    "texture": "#front"
                },
                "east": {
                    "texture": "#back"
                },
                "north": {
                    "uv": [7.5,9.5,8.5,13.5],
                    "texture": "#edge"
                },
                "south": {
                    "uv": [7.5,9.5,8.5,13.5],
                    "texture": "#edge"
                }
            }
        },
        {
            "from": [1,2.5,2.5],
            "to": [2,6.5,7.5],
            "faces": {
                "west": {
                    "texture": "#front"
                },
                "east": {
                    "uv": [8.5,9.5,13.5,13.5],
                    "texture": "#back"
                }
            }
        },
        {
            "from": [1,2.5,8.5],
            "to": [2,6.5,13.5],
            "faces": {
                "west": {
                    "texture": "#front"
                },
                "east": {
                    "uv": [2.5,9.5,7.5,13.5],
                    "texture": "#back"
                }
            }
        },
        {
            "from": [1,8.5,8.5],
            "to": [2,12.5,13.5],
            "faces": {
                "west": {
                    "texture": "#front"
                },
                "east": {
                    "uv": [2.5,3.5,7.5,7.5],
                    "texture": "#back"
                }
            }
        },
        {
            "from": [0,8.5,7.5],
            "to": [3,12.5,8.5],
            "faces": {
                "west": {
                    "texture": "#front"
                },
                "east": {
                    "texture": "#back"
                },
                "north": {
                    "uv": [7.5,3.5,8.5,7.5],
                    "texture": "#edge"
                },
                "south": {
                    "uv": [7.5,3.5,8.5,7.5],
                    "texture": "#edge"
                }
            }
        },
        {
            "from": [1,8.5,2.5],
            "to": [2,12.5,7.5],
            "faces": {
                "west": {
                    "texture": "#front"
                },
                "east": {
                    "uv": [8.5,3.5,13.5,7.5],
                    "texture": "#back"
                }
            }
        },
        {
            "from": [0,6.5,2.5],
            "to": [3,8.5,13.5],
            "faces": {
                "up": {
                    "uv": [2.5,7.5,13.5,9.5],
                    "texture": "#edge",
                    "cullface": up,
                    "rotation": 90
                },
                "down": {
                    "uv": [14,0,2,3],
                    "texture": "#edge",
                    "rotation": 90
                },
                "west": {
                    "texture": "#front",
                    "cullface": west
                },
                "east": {
                    "texture": "#back"
                }
            }
        },
        {
            "from": [1,14.5,2.5],
            "to": [2,16,7.5],
            "faces": {
                "west": {
                    "texture": "#front"
                },
                "east": {
                    "uv": [8.5,0,13.5,1.5],
                    "texture": "#back"
                }
            }
        },
        {
            "from": [1,14.5,8.5],
            "to": [2,16,13.5],
            "faces": {
                "west": {
                    "texture": "#front"
                },
                "east": {
                    "uv": [2.5,0,7.5,1.5],
                    "texture": "#back"
                }
            }
        },
        {
            "from": [0,14.5,7.5],
            "to": [3,16,8.5],
            "faces": {
                "west": {
                    "texture": "#front"
                },
                "east": {
                    "texture": "#back"
                },
                "north": {
                    "uv": [7.5,0,8.5,1.5],
                    "texture": "#edge"
                },
                "south": {
                    "uv": [7.5,0,8.5,1.5],
                    "texture": "#edge"
                }
            }
        }
    ]
}