{
    "__createdwith": "opl's Model Creator",
    "ambientocclusion": false,
    "textures": {
        "edge": "blocks/door_acacia_lower",
        "back": "blocks/door_acacia_upper-rh",
        "particle": "blocks/nothing",
        "front": "blocks/door_acacia_upper"
    },
    "elements": [
        {
            "from": [1,1,3.5],
            "to": [2,13,4.5],
            "faces": {
                "up": {
                    "uv": [13,5,16,7],
                    "texture": "#front",
                    "cullface": up
                },
                "west": {
                    "texture": "#front",
                    "cullface": west
                },
                "east": {
                    "uv": [6.5,3,5.5,15],
                    "texture": "#back"
                },
                "north": {
                    "uv": [6.5,3,5.5,15],
                    "texture": "#edge"
                },
                "south": {
                    "uv": [5.5,3,6.5,15],
                    "texture": "#edge"
                }
            }
        },
        {
            "from": [1,1,5.5],
            "to": [2,13,6.5],
            "faces": {
                "up": {
                    "uv": [13,9,16,11],
                    "texture": "#front",
                    "cullface": up
                },
                "west": {
                    "texture": "#front",
                    "cullface": west
                },
                "east": {
                    "uv": [10.5,3,9.5,15],
                    "texture": "#back"
                },
                "north": {
                    "uv": [6.5,3,5.5,15],
                    "texture": "#edge"
                },
                "south": {
                    "uv": [5.5,3,6.5,15],
                    "texture": "#edge"
                }
            }
        },
        {
            "from": [0,0,13],
            "to": [3,16,16],
            "faces": {
                "up": {
                    "uv": [1,0,2,2.75],
                    "texture": "#edge",
                    "cullface": up,
                    "rotation": 180
                },
                "west": {
                    "texture": "#front",
                    "cullface": west
                },
                "east": {
                    "uv": [0,0,3,16],
                    "texture": "#back"
                },
                "north": {
                    "uv": [2,0,1,16],
                    "texture": "#edge"
                },
                "south": {
                    "uv": [1,0,2,15],
                    "texture": "#edge"
                }
            }
        },
        {
            "from": [0,13,3],
            "to": [3,16,13],
            "faces": {
                "up": {
                    "uv": [1,0,2,15],
                    "texture": "#edge",
                    "cullface": up,
                    "rotation": 180
                },
                "down": {
                    "uv": [3.125,3,13,2],
                    "texture": "#edge",
                    "rotation": 90
                },
                "west": {
                    "texture": "#front",
                    "cullface": west
                },
                "east": {
                    "texture": "#back"
                }
            }
        },
        {
            "from": [0.5,0,3],
            "to": [2.5,1,13],
            "faces": {
                "up": {
                    "uv": [3,15,13,16],
                    "texture": "#edge",
                    "rotation": 90
                },
                "west": {
                    "texture": "#front"
                },
                "east": {
                    "texture": "#back"
                }
            }
        },
        {
            "from": [0,0,0],
            "to": [3,16,3],
            "faces": {
                "up": {
                    "uv": [1,12.25,2,15],
                    "texture": "#edge",
                    "rotation": 180
                },
                "west": {
                    "texture": "#front"
                },
                "east": {
                    "uv": [13,0,16,16],
                    "texture": "#back"
                },
                "north": {
                    "uv": [1,15,2,0],
                    "texture": "#edge"
                },
                "south": {
                    "uv": [1,0,2,16],
                    "texture": "#edge"
                }
            }
        },
        {
            "from": [-1,0.5,13],
            "to": [0,1.5,15],
            "faces": {
                "up": {
                    "uv": [13,14.5,15,15],
                    "texture": "#edge",
                    "rotation": 270
                },
                "down": {
                    "uv": [13,15,15,15.5],
                    "texture": "#edge",
                    "rotation": 90
                },
                "west": {
                    "texture": "#front"
                },
                "north": {
                    "uv": [13,14.5,14,15.5],
                    "texture": "#edge"
                },
                "south": {
                    "uv": [14,14.5,15,15.5],
                    "texture": "#edge"
                }
            }
        },
        {
            "from": [3,0.5,13],
            "to": [4,1.5,15],
            "faces": {
                "up": {
                    "uv": [13,14.5,15,15],
                    "texture": "#edge",
                    "rotation": 270
                },
                "down": {
                    "uv": [13,15,15,15.5],
                    "texture": "#edge",
                    "rotation": 90
                },
                "east": {
                    "uv": [1,14.5,3,15.5],
                    "texture": "#back"
                },
                "north": {
                    "uv": [14,14.5,15,15.5],
                    "texture": "#edge"
                },
                "south": {
                    "uv": [13,14.5,14,15.5],
                    "texture": "#edge"
                }
            }
        },
        {
            "from": [1,1,7.5],
            "to": [2,13,8.5],
            "faces": {
                "up": {
                    "uv": [13,9,16,11],
                    "texture": "#front",
                    "cullface": up
                },
                "west": {
                    "texture": "#front",
                    "cullface": west
                },
                "east": {
                    "uv": [10.5,3,9.5,15],
                    "texture": "#back"
                },
                "north": {
                    "uv": [6.5,3,5.5,15],
                    "texture": "#edge"
                },
                "south": {
                    "uv": [5.5,3,6.5,15],
                    "texture": "#edge"
                }
            }
        },
        {
            "from": [1,1,9.5],
            "to": [2,13,10.5],
            "faces": {
                "up": {
                    "uv": [13,9,16,11],
                    "texture": "#front",
                    "cullface": up
                },
                "west": {
                    "texture": "#front",
                    "cullface": west
                },
                "east": {
                    "uv": [10.5,3,9.5,15],
                    "texture": "#back"
                },
                "north": {
                    "uv": [6.5,3,5.5,15],
                    "texture": "#edge"
                },
                "south": {
                    "uv": [5.5,3,6.5,15],
                    "texture": "#edge"
                }
            }
        },
        {
            "from": [1,1,11.5],
            "to": [2,13,12.5],
            "faces": {
                "up": {
                    "uv": [13,9,16,11],
                    "texture": "#front",
                    "cullface": up
                },
                "west": {
                    "texture": "#front",
                    "cullface": west
                },
                "east": {
                    "uv": [10.5,3,9.5,15],
                    "texture": "#back"
                },
                "north": {
                    "uv": [6.5,3,5.5,15],
                    "texture": "#edge"
                },
                "south": {
                    "uv": [5.5,3,6.5,15],
                    "texture": "#edge"
                }
            }
        }
    ]
}