{
    "variants": {
        "powered=false,shape=north_south": [
			{ "model": "bow_rack/detector_rail_flat", "weight": 70 },
			{ "model": "bow_rack/detector_rail_flat1", "weight": 10 },
			{ "model": "bow_rack/detector_rail_flat2", "weight": 10 },
			{ "model": "bow_rack/detector_rail_flat3", "weight": 10 }
		],
        "powered=false,shape=east_west": [
			{ "model": "bow_rack/detector_rail_flat", "y": 90, "weight": 70 },
			{ "model": "bow_rack/detector_rail_flat1", "y": 90, "weight": 10 },
			{ "model": "bow_rack/detector_rail_flat2", "y": 90, "weight": 10 },
			{ "model": "bow_rack/detector_rail_flat3", "y": 90, "weight": 10 }

		],
        "powered=false,shape=ascending_east": [
			{ "model": "bow_rack/detector_rail_raised_ne", "y": 90, "weight": 70},
			{ "model": "bow_rack/detector_rail_raised_ne1", "y": 90, "weight": 10 },
			{ "model": "bow_rack/detector_rail_raised_ne2", "y": 90, "weight": 10} ,
			{ "model": "bow_rack/detector_rail_raised_ne3", "y": 90, "weight": 10 }

		],
        "powered=false,shape=ascending_west": [
			{ "model": "bow_rack/detector_rail_raised_sw", "y": 90, "weight": 70 },
			{ "model": "bow_rack/detector_rail_raised_sw1", "y": 90, "weight": 10 },
			{ "model": "bow_rack/detector_rail_raised_sw2", "y": 90, "weight": 10 },
			{ "model": "bow_rack/detector_rail_raised_sw3", "y": 90, "weight": 10 }

		],
        "powered=false,shape=ascending_north": [
			{ "model": "bow_rack/detector_rail_raised_ne", "weight": 70 },
			{ "model": "bow_rack/detector_rail_raised_ne1", "weight": 10 },
			{ "model": "bow_rack/detector_rail_raised_ne2", "weight": 10 },
			{ "model": "bow_rack/detector_rail_raised_ne3", "weight": 10 }

		],
        "powered=false,shape=ascending_south": [
			{ "model": "bow_rack/detector_rail_raised_sw", "weight": 70 },
			{ "model": "bow_rack/detector_rail_raised_sw1", "weight": 10 },
			{ "model": "bow_rack/detector_rail_raised_sw2", "weight": 10 },
			{ "model": "bow_rack/detector_rail_raised_sw3", "weight": 10 }

		],
        "powered=true,shape=north_south":  { "model": "detector_rail_powered_flat" },
        "powered=true,shape=east_west":  { "model": "detector_rail_powered_flat", "y": 90 },
        "powered=true,shape=ascending_east": { "model": "detector_rail_powered_raised_ne", "y": 90 },
        "powered=true,shape=ascending_west": { "model": "detector_rail_powered_raised_sw", "y": 90 },
        "powered=true,shape=ascending_north": { "model": "detector_rail_powered_raised_ne" },
        "powered=true,shape=ascending_south": { "model": "detector_rail_powered_raised_sw" }
    }
}
